_id,ID,LAMS_ID,IS_CIRCLE,NAME,NAME_EN,BBS_CODE,ROW_STATUS,DIVISION_BBS_CODE,DIVISION_ID,DIVISION_NAME,DIVISION_NAME_EN,DISTRICT_BBS_CODE,DISTRICT_ID,DISTRICT_NAME,DISTRICT_NAME_EN
67f504868a956129955bf6c8,52605,1,1,মিরপুর রাজস্ব সার্কেল,Mirpur Revenue Circle,48,1,30,3,ঢাকা,Dhaka,26,18,ঢাকা,DHAKA
67f504868a956129955bf6c9,52604,2,1,কোতয়ালী রাজস্ব সার্কেল,Kutawali Revenue Circle,40,1,30,3,ঢাকা,Dhaka,26,18,ঢাকা,DHAKA
67f504868a956129955bf6ca,52603,3,1,ক্যান্টনমেন্ট রাজস্ব সার্কেল,Cantonment Revenue Circle,08,1,30,3,ঢাকা,Dhaka,26,18,ঢাকা,DHAKA
67f504868a956129955bf6cb,52602,4,1,গুলশান রাজস্ব সার্কেল,Gulshan Revenue Circle,26,1,30,3,ঢাকা,Dhaka,26,18,ঢাকা,DHAKA
67f504868a956129955bf6cc,52601,5,1,ডেমরা রাজস্ব সার্কেল,Demra Revenue Circle,12,1,30,3,ঢাকা,Dhaka,26,18,ঢাকা,DHAKA
67f504868a956129955bf6cd,52600,6,1,তেজগাঁও রাজস্ব সার্কেল,Tejgao Revenue Circle,04,1,30,3,ঢাকা,Dhaka,26,18,ঢাকা,DHAKA
67f504868a956129955bf6ce,52599,7,1,ধানমন্ডি রাজস্ব সার্কেল,Dhanmondi Revenue Circle,16,1,30,3,ঢাকা,Dhaka,26,18,ঢাকা,DHAKA
67f504868a956129955bf6cf,52598,8,1,মতিঝিল রাজস্ব সার্কেল,Matijeel Revenue Circle,54,1,30,3,ঢাকা,Dhaka,26,18,ঢাকা,DHAKA
67f504868a956129955bf6d0,52597,9,1,মোহাম্মদপুর রাজস্ব সার্কেল,Mohammedpur Revenue Circle,50,1,30,3,ঢাকা,Dhaka,26,18,ঢাকা,DHAKA
67f504868a956129955bf6d1,52596,10,1,রমনা রাজস্ব সার্কেল,Ramna Revenue Circle,66,1,30,3,ঢাকা,Dhaka,26,18,ঢাকা,DHAKA
67f504868a956129955bf6d2,52595,11,1,লালবাগ রাজস্ব সার্কেল,Lalbagh Revenue Circle,42,1,30,3,ঢাকা,Dhaka,26,18,ঢাকা,DHAKA
67f504868a956129955bf6d3,52594,12,1,আমিন বাজার রাজস্ব সার্কেল,Amin Bazar Revenue Circle,97,1,30,3,ঢাকা,Dhaka,26,18,ঢাকা,DHAKA
67f504868a956129955bf6d4,52593,13,1,আশুলিয়া রাজস্ব সার্কেল,Ashulia Revenue Circle,96,1,30,3,ঢাকা,Dhaka,26,18,ঢাকা,DHAKA
67f504868a956129955bf6d5,52592,14,1,কেরানীগঞ্জ দক্ষিন রাজস্ব সার্কেল,Keraniganj South Revenue Circle,98,1,30,3,ঢাকা,Dhaka,26,18,ঢাকা,DHAKA
67f504868a956129955bf6d6,52591,15,1,টংঙ্গি রাজস্ব সার্কেল,Tangi Revenue Circle,96,1,30,3,ঢাকা,Dhaka,33,20,গাজীপুর,GAZIPUR
67f504868a956129955bf6d7,52590,16,1,ফতুল্লা রাজস্ব সার্কেল,Fatulla Revenue Circle,10,1,30,3,ঢাকা,Dhaka,67,28,নারায়ণগঞ্জ,NARAYANGANJ
67f504868a956129955bf6d8,52589,17,1,সিদ্ধিরগঞ্জ রাজস্ব সার্কেল,Shiddirganj Revenue Circle,99,1,30,3,ঢাকা,Dhaka,67,28,নারায়ণগঞ্জ,NARAYANGANJ
67f504868a956129955bf6d9,52588,18,1,সিলেট মহানগর রাজস্ব সার্কেল,Sylhet Mohanagar Revenue Circle,50,1,60,7,সিলেট,Sylhet,91,64,সিলেট,SYLHET
67f504868a956129955bf6da,52587,19,1,রংপুর মহানগর রাজস্ব সার্কেল,Rangpur Mohanagar Revenue Circle,75,1,55,6,রংপুর,Rangpur,85,59,রংপুর,RANGPUR
67f504868a956129955bf6db,52586,20,1,চান্দগাঁও রাজস্ব সার্কেল,Chandagao Revenue Circle,19,1,20,2,চট্টগ্রাম,Chittagong,15,10,চট্টগ্রাম,CHITTAGONG
67f504868a956129955bf6dc,52585,21,1,কাট্টলী রাজস্ব সার্কেল,Kattali Revenue Circle,41,1,20,2,চট্টগ্রাম,Chittagong,15,10,চট্টগ্রাম,CHITTAGONG
67f504868a956129955bf6dd,52584,22,1,আগ্রাবাদ রাজস্ব সার্কেল,Agrabad Revenue Circle,91,1,20,2,চট্টগ্রাম,Chittagong,15,10,চট্টগ্রাম,CHITTAGONG
67f504868a956129955bf6de,52583,23,1,পতেঙ্গা রাজস্ব সার্কেল,Patenga Revenue Circle,65,1,20,2,চট্টগ্রাম,Chittagong,15,10,চট্টগ্রাম,CHITTAGONG
67f504868a956129955bf6df,52582,24,1,চট্টগ্রাম সদর রাজস্ব সার্কেল,Chittagong Sadar Revenue Circle,92,1,20,2,চট্টগ্রাম,Chittagong,15,10,চট্টগ্রাম,CHITTAGONG
67f504868a956129955bf6e0,52581,25,1,বাকলিয়া রাজস্ব সার্কেল,Bakalia Revenue Circle,10,1,20,2,চট্টগ্রাম,Chittagong,15,10,চট্টগ্রাম,CHITTAGONG
67f504868a956129955bf6e1,52580,26,1,খুলনা সদর রাজস্ব সার্কেল,Khulna Sadar Revenue Circle,4709,1,40,4,খুলনা,Khulna,47,39,খুলনা,KHULNA
67f504868a956129955bf6e2,52579,27,1,রাজশাহী বোয়ালিয়া রাজস্ব সার্কেল,Rajshahi Bualia Revenue Circle,22,1,50,5,রাজশাহী,Rajshahi,81,51,রাজশাহী,RAJSHAHI
67f504868a956129955bf6e3,52578,28,1,কাঁচপুর রাজস্ব সার্কেল,Kachpur Revenue Circle,70,1,30,3,ঢাকা,Dhaka,67,28,নারায়ণগঞ্জ,NARAYANGANJ
67f504868a956129955bf6e4,52577,29,1,পুর্বাচল রাজস্ব সার্কেল,Purbachar Revenue Circle,69,1,30,3,ঢাকা,Dhaka,67,28,নারায়ণগঞ্জ,NARAYANGANJ
67f504868a956129955bf6e5,52576,,0,বাগেরহাট সদর,BAGERHAT SADAR,08,1,40,4,খুলনা,Khulna,01,35,বাগেরহাট,BAGERHAT
67f504868a956129955bf6e6,52575,,0,চিতলমারী,CHITALMARI,14,1,40,4,খুলনা,Khulna,01,35,বাগেরহাট,BAGERHAT
67f504868a956129955bf6e7,52574,,0,ফকিরহাট,FAKIRHAT,34,1,40,4,খুলনা,Khulna,01,35,বাগেরহাট,BAGERHAT
67f504868a956129955bf6e8,52573,,0,কচুয়া,KACHUA,38,1,40,4,খুলনা,Khulna,01,35,বাগেরহাট,BAGERHAT
67f504868a956129955bf6e9,52572,,0,মোল্লাহাট,MOLLAHAT,56,1,40,4,খুলনা,Khulna,01,35,বাগেরহাট,BAGERHAT
67f504868a956129955bf6ea,52571,,0,মোংলা,MONGLA,58,1,40,4,খুলনা,Khulna,01,35,বাগেরহাট,BAGERHAT
67f504868a956129955bf6eb,52570,,0,মোড়েলগঞ্জ,MORELGANJ,60,1,40,4,খুলনা,Khulna,01,35,বাগেরহাট,BAGERHAT
67f504868a956129955bf6ec,52569,,0,রামপাল,RAMPAL,73,1,40,4,খুলনা,Khulna,01,35,বাগেরহাট,BAGERHAT
67f504868a956129955bf6ed,52568,,0,শরনখোলা,SHARANKHOLA,77,1,40,4,খুলনা,Khulna,01,35,বাগেরহাট,BAGERHAT
67f504868a956129955bf6ee,52567,,0,আলীকদম,ALIKADAM,04,1,20,2,চট্টগ্রাম,Chittagong,03,7,বান্দরবান,BANDARBAN
67f504868a956129955bf6ef,52566,,0,বান্দরবন সদর,BANDARBAN SADAR,14,1,20,2,চট্টগ্রাম,Chittagong,03,7,বান্দরবান,BANDARBAN
67f504868a956129955bf6f0,52565,,0,লামা,LAMA,51,1,20,2,চট্টগ্রাম,Chittagong,03,7,বান্দরবান,BANDARBAN
67f504868a956129955bf6f1,52564,,0,নাইক্ষ্যংছড়ি,NAIKHONGCHHARI,73,1,20,2,চট্টগ্রাম,Chittagong,03,7,বান্দরবান,BANDARBAN
67f504868a956129955bf6f2,52563,,0,রোয়াংছড়ি,ROWANGCHHARI,89,1,20,2,চট্টগ্রাম,Chittagong,03,7,বান্দরবান,BANDARBAN
67f504868a956129955bf6f3,52562,,0,রুমা,RUMA,91,1,20,2,চট্টগ্রাম,Chittagong,03,7,বান্দরবান,BANDARBAN
67f504868a956129955bf6f4,52561,,0,থানচি,THANCHI,95,1,20,2,চট্টগ্রাম,Chittagong,03,7,বান্দরবান,BANDARBAN
67f504868a956129955bf6f5,52560,,0,আমতলী,AMTALI,09,1,10,1,বরিশাল,Barisal,04,1,বরগুনা,BARGUNA
67f504868a956129955bf6f6,52559,,0,বামনা,BAMNA,19,1,10,1,বরিশাল,Barisal,04,1,বরগুনা,BARGUNA
67f504868a956129955bf6f7,52558,,0,বরগুনা সদর,BARGUNA SADAR,28,1,10,1,বরিশাল,Barisal,04,1,বরগুনা,BARGUNA
67f504868a956129955bf6f8,52557,,0,বেতাগী,BETAGI,47,1,10,1,বরিশাল,Barisal,04,1,বরগুনা,BARGUNA
67f504868a956129955bf6f9,52556,,0,পাথরঘাটা,PATHARGHATA,85,1,10,1,বরিশাল,Barisal,04,1,বরগুনা,BARGUNA
67f504868a956129955bf6fa,52555,,0,আগৈলঝাড়া,AGAILJHARA,02,1,10,1,বরিশাল,Barisal,06,2,বরিশাল,BARISAL
67f504868a956129955bf6fb,52554,,0,বাবুগঞ্জ,BABUGANJ,03,1,10,1,বরিশাল,Barisal,06,2,বরিশাল,BARISAL
67f504868a956129955bf6fc,52553,,0,বাকেরগঞ্জ,BAKERGANJ,07,1,10,1,বরিশাল,Barisal,06,2,বরিশাল,BARISAL
67f504868a956129955bf6fd,52552,,0,বানারী পাড়া,BANARI PARA,10,1,10,1,বরিশাল,Barisal,06,2,বরিশাল,BARISAL
67f504868a956129955bf6fe,52551,,0,গৌরনদী,GAURNADI,32,1,10,1,বরিশাল,Barisal,06,2,বরিশাল,BARISAL
67f504868a956129955bf6ff,52550,,0,হিজলা,HIZLA,36,1,10,1,বরিশাল,Barisal,06,2,বরিশাল,BARISAL
67f504868a956129955bf700,52549,,0,বরিশাল সদর,BARISAL SADAR (KOTWALI),51,1,10,1,বরিশাল,Barisal,06,2,বরিশাল,BARISAL
67f504868a956129955bf701,52548,,0,মেহেন্দীগঞ্জ,MEHENDIGANJ,62,1,10,1,বরিশাল,Barisal,06,2,বরিশাল,BARISAL
67f504868a956129955bf702,52547,,0,মুলাদী,MULADI,69,1,10,1,বরিশাল,Barisal,06,2,বরিশাল,BARISAL
67f504868a956129955bf703,52546,,0,উজিরপুর,UJIRPUR,94,1,10,1,বরিশাল,Barisal,06,2,বরিশাল,BARISAL
67f504868a956129955bf704,52545,,0,ভোলা সদর,BHOLA SADAR,18,1,10,1,বরিশাল,Barisal,09,3,ভোলা,BHOLA
67f504868a956129955bf705,52544,,0,বোরহানউদ্দীন,BORHANUDDIN,21,1,10,1,বরিশাল,Barisal,09,3,ভোলা,BHOLA
67f504868a956129955bf706,52543,,0,চর ফ্যাশন,CHAR FASSON,25,1,10,1,বরিশাল,Barisal,09,3,ভোলা,BHOLA
67f504868a956129955bf707,52542,,0,দৌলত খান,DAULAT KHAN,29,1,10,1,বরিশাল,Barisal,09,3,ভোলা,BHOLA
67f504868a956129955bf708,52541,,0,লালমোহন,LALMOHAN,54,1,10,1,বরিশাল,Barisal,09,3,ভোলা,BHOLA
67f504868a956129955bf709,52540,,0,মনপুরা,MANPURA,65,1,10,1,বরিশাল,Barisal,09,3,ভোলা,BHOLA
67f504868a956129955bf70a,52539,,0,তজুমদ্দিন,TAZUMUDDIN,91,1,10,1,বরিশাল,Barisal,09,3,ভোলা,BHOLA
67f504868a956129955bf70b,52538,,0,আদমদিঘী,ADAMDIGHI,06,1,50,5,রাজশাহী,Rajshahi,10,45,বগুড়া,BOGRA
67f504868a956129955bf70c,52537,,0,বগুড়া সদর,BOGRA SADAR,20,1,50,5,রাজশাহী,Rajshahi,10,45,বগুড়া,BOGRA
67f504868a956129955bf70d,52536,,0,ধুনট,DHUNAT,27,1,50,5,রাজশাহী,Rajshahi,10,45,বগুড়া,BOGRA
67f504868a956129955bf70e,52535,,0,দুপচাঁচিয়া,DUPCHACHIA,33,1,50,5,রাজশাহী,Rajshahi,10,45,বগুড়া,BOGRA
67f504868a956129955bf70f,52534,,0,গাবতলী,GABTALI,40,1,50,5,রাজশাহী,Rajshahi,10,45,বগুড়া,BOGRA
67f504868a956129955bf710,52533,,0,কাহালু,KAHALOO,54,1,50,5,রাজশাহী,Rajshahi,10,45,বগুড়া,BOGRA
67f504868a956129955bf711,52532,,0,নন্দীগ্রাম,NANDIGRAM,67,1,50,5,রাজশাহী,Rajshahi,10,45,বগুড়া,BOGRA
67f504868a956129955bf712,52531,,0,সারিয়াকান্দি,SARIAKANDI,81,1,50,5,রাজশাহী,Rajshahi,10,45,বগুড়া,BOGRA
67f504868a956129955bf713,52530,,0,শাজাহানপুর,SHAJAHANPUR,85,1,50,5,রাজশাহী,Rajshahi,10,45,বগুড়া,BOGRA
67f504868a956129955bf714,52529,,0,শেরপুর,SHERPUR,88,1,50,5,রাজশাহী,Rajshahi,10,45,বগুড়া,BOGRA
67f504868a956129955bf715,52528,,0,শিব্‌গঞ্জ,SHIBGANJ,94,1,50,5,রাজশাহী,Rajshahi,10,45,বগুড়া,BOGRA
67f504868a956129955bf716,52527,,0,সোনাতলা,SONATALA,95,1,50,5,রাজশাহী,Rajshahi,10,45,বগুড়া,BOGRA
67f504868a956129955bf717,52526,,0,আখাউড়া,AKHAURA,02,1,20,2,চট্টগ্রাম,Chittagong,12,8,ব্রাহ্মণবাড়িয়া,BRAHMANBARIA
67f504868a956129955bf718,52525,,0,বাঞ্ছারামপুর,BANCHHARAMPUR,04,1,20,2,চট্টগ্রাম,Chittagong,12,8,ব্রাহ্মণবাড়িয়া,BRAHMANBARIA
67f504868a956129955bf719,52524,,0,ব্রাক্ষ্মণবাড়িয়া সদর,BRAHMANBARIA SADAR,13,1,20,2,চট্টগ্রাম,Chittagong,12,8,ব্রাহ্মণবাড়িয়া,BRAHMANBARIA
67f504868a956129955bf71a,52523,,0,আশুগঞ্জ,ASHUGANJ,33,1,20,2,চট্টগ্রাম,Chittagong,12,8,ব্রাহ্মণবাড়িয়া,BRAHMANBARIA
67f504868a956129955bf71b,52522,,0,কস্‌বা,KASBA,63,1,20,2,চট্টগ্রাম,Chittagong,12,8,ব্রাহ্মণবাড়িয়া,BRAHMANBARIA
67f504868a956129955bf71c,52521,,0,নবীনগর,NABINAGAR,85,1,20,2,চট্টগ্রাম,Chittagong,12,8,ব্রাহ্মণবাড়িয়া,BRAHMANBARIA
67f504868a956129955bf71d,52520,,0,নাসিরনগর,NASIRNAGAR,90,1,20,2,চট্টগ্রাম,Chittagong,12,8,ব্রাহ্মণবাড়িয়া,BRAHMANBARIA
67f504868a956129955bf71e,52519,,0,সরাইল,SARAIL,94,1,20,2,চট্টগ্রাম,Chittagong,12,8,ব্রাহ্মণবাড়িয়া,BRAHMANBARIA
67f504868a956129955bf71f,52518,,0,চাঁদপুর সদর,CHANDPUR SADAR,22,1,20,2,চট্টগ্রাম,Chittagong,13,9,চাঁদপুর,CHANDPUR
67f504868a956129955bf720,52517,,0,ফরিদগঞ্জ,FARIDGANJ,45,1,20,2,চট্টগ্রাম,Chittagong,13,9,চাঁদপুর,CHANDPUR
67f504868a956129955bf721,52516,,0,হাইমচর,HAIMCHAR,47,1,20,2,চট্টগ্রাম,Chittagong,13,9,চাঁদপুর,CHANDPUR
67f504868a956129955bf722,52515,,0,হাজীগঞ্জ,HAJIGANJ,49,1,20,2,চট্টগ্রাম,Chittagong,13,9,চাঁদপুর,CHANDPUR
67f504868a956129955bf723,52514,,0,কচুয়া,KACHUA,58,1,20,2,চট্টগ্রাম,Chittagong,13,9,চাঁদপুর,CHANDPUR
67f504868a956129955bf724,52513,,0,মতলব দক্ষিণ,MATLAB DAKSHIN,76,1,20,2,চট্টগ্রাম,Chittagong,13,9,চাঁদপুর,CHANDPUR
67f504868a956129955bf725,52512,,0,মতলব উত্তর,MATLAB UTTAR,79,1,20,2,চট্টগ্রাম,Chittagong,13,9,চাঁদপুর,CHANDPUR
67f504868a956129955bf726,52511,,0,শাহরাস্তি,SHAHRASTI,95,1,20,2,চট্টগ্রাম,Chittagong,13,9,চাঁদপুর,CHANDPUR
67f504868a956129955bf727,52510,,0,আনোয়ারা,ANWARA,04,1,20,2,চট্টগ্রাম,Chittagong,15,10,চট্টগ্রাম,CHITTAGONG
67f504868a956129955bf728,52509,,0,বাঁশখালী,BANSHKHALI,08,1,20,2,চট্টগ্রাম,Chittagong,15,10,চট্টগ্রাম,CHITTAGONG
67f504868a956129955bf729,52508,,0,বোয়ালখালী,BOALKHALI,12,1,20,2,চট্টগ্রাম,Chittagong,15,10,চট্টগ্রাম,CHITTAGONG
67f504868a956129955bf72a,52507,,0,চন্দনাইশ,CHANDANAISH,18,1,20,2,চট্টগ্রাম,Chittagong,15,10,চট্টগ্রাম,CHITTAGONG
67f504868a956129955bf72b,52506,,0,কালুখালী,KALUKHALI,47,1,30,3,ঢাকা,Dhaka,82,31,রাজবাড়ী,RAJBARI
67f504868a956129955bf72c,52505,,0,ফটিকছড়ি,FATIKCHHARI,33,1,20,2,চট্টগ্রাম,Chittagong,15,10,চট্টগ্রাম,CHITTAGONG
67f504868a956129955bf72d,52504,,0,হাটহাজারী,HATHAZARI,37,1,20,2,চট্টগ্রাম,Chittagong,15,10,চট্টগ্রাম,CHITTAGONG
67f504868a956129955bf72e,52503,,0,লোহাগাড়া,LOHAGARA,47,1,20,2,চট্টগ্রাম,Chittagong,15,10,চট্টগ্রাম,CHITTAGONG
67f504868a956129955bf72f,52502,,0,মীরসরাই,MIRSHARAI,53,1,20,2,চট্টগ্রাম,Chittagong,15,10,চট্টগ্রাম,CHITTAGONG
67f504868a956129955bf730,52501,,0,বিজয়নগর,BIJOYNAGAR,07,1,20,2,চট্টগ্রাম,Chittagong,12,8,ব্রাহ্মণবাড়িয়া,BRAHMANBARIA
67f504868a956129955bf731,52500,,0,রাঙ্গাবালি,RANGABALI,97,1,10,1,বরিশাল,Barisal,78,5,পটুয়াখালী,PATUAKHALI
67f504868a956129955bf732,52499,,0,পটিয়া,PATIYA,61,1,20,2,চট্টগ্রাম,Chittagong,15,10,চট্টগ্রাম,CHITTAGONG
67f504868a956129955bf733,52498,,0,রাঙ্গুনীয়া,RANGUNIA,70,1,20,2,চট্টগ্রাম,Chittagong,15,10,চট্টগ্রাম,CHITTAGONG
67f504868a956129955bf734,52497,,0,রাউজান,RAOZAN,74,1,20,2,চট্টগ্রাম,Chittagong,15,10,চট্টগ্রাম,CHITTAGONG
67f504868a956129955bf735,52496,,0,সন্দ্বীপ,SANDWIP,78,1,20,2,চট্টগ্রাম,Chittagong,15,10,চট্টগ্রাম,CHITTAGONG
67f504868a956129955bf736,52495,,0,সাতকানীয়া,SATKANIA,82,1,20,2,চট্টগ্রাম,Chittagong,15,10,চট্টগ্রাম,CHITTAGONG
67f504868a956129955bf737,52494,,0,সীতাকুন্ড,SITAKUNDA,86,1,20,2,চট্টগ্রাম,Chittagong,15,10,চট্টগ্রাম,CHITTAGONG
67f504868a956129955bf738,52493,,0,আলমডাঙ্গা,ALAMDANGA,07,1,40,4,খুলনা,Khulna,18,36,চুয়াডাঙ্গা,CHUADANGA
67f504868a956129955bf739,52492,,0,চুয়াডাঙ্গা সদর,CHUADANGA SADAR,23,1,40,4,খুলনা,Khulna,18,36,চুয়াডাঙ্গা,CHUADANGA
67f504868a956129955bf73a,52491,,0,দামুড়হুদা,DAMURHUDA,31,1,40,4,খুলনা,Khulna,18,36,চুয়াডাঙ্গা,CHUADANGA
67f504868a956129955bf73b,52490,,0,জীবননগর,JIBANNAGAR,55,1,40,4,খুলনা,Khulna,18,36,চুয়াডাঙ্গা,CHUADANGA
67f504868a956129955bf73c,52489,,0,বরুড়া,BARURA,09,1,20,2,চট্টগ্রাম,Chittagong,19,11,কুমিল্লা,COMILLA
67f504868a956129955bf73d,52488,,0,ব্রাক্ষ্মণপাড়া,BRAHMANPARA,15,1,20,2,চট্টগ্রাম,Chittagong,19,11,কুমিল্লা,COMILLA
67f504868a956129955bf73e,52487,,0,বুড়িচং,BURICHANG,18,1,20,2,চট্টগ্রাম,Chittagong,19,11,কুমিল্লা,COMILLA
67f504868a956129955bf73f,52486,,0,চান্দিনা,CHANDINA,27,1,20,2,চট্টগ্রাম,Chittagong,19,11,কুমিল্লা,COMILLA
67f504868a956129955bf740,52485,,0,চৌদ্দগ্রাম,CHAUDDAGRAM,31,1,20,2,চট্টগ্রাম,Chittagong,19,11,কুমিল্লা,COMILLA
67f504868a956129955bf741,52484,,0,কুমিল্লা সদর দক্ষিণ,COMILLA SADAR DAKSHIN,33,1,20,2,চট্টগ্রাম,Chittagong,19,11,কুমিল্লা,COMILLA
67f504868a956129955bf742,52483,,0,দাউদকান্দি,DAUDKANDI,36,1,20,2,চট্টগ্রাম,Chittagong,19,11,কুমিল্লা,COMILLA
67f504868a956129955bf743,52482,,0,দেবিদ্বার,DEBIDWAR,40,1,20,2,চট্টগ্রাম,Chittagong,19,11,কুমিল্লা,COMILLA
67f504868a956129955bf744,52481,,0,হোমনা,HOMNA,54,1,20,2,চট্টগ্রাম,Chittagong,19,11,কুমিল্লা,COMILLA
67f504868a956129955bf745,52480,,0,আদর্শ সদর,ADARSHA SADAR,67,1,20,2,চট্টগ্রাম,Chittagong,19,11,কুমিল্লা,COMILLA
67f504868a956129955bf746,52479,,0,লাকসাম,LAKSAM,72,1,20,2,চট্টগ্রাম,Chittagong,19,11,কুমিল্লা,COMILLA
67f504868a956129955bf747,52478,,0,মনোহরগঞ্জ,MANOHARGANJ,74,1,20,2,চট্টগ্রাম,Chittagong,19,11,কুমিল্লা,COMILLA
67f504868a956129955bf748,52477,,0,মেঘনা,MEGHNA,75,1,20,2,চট্টগ্রাম,Chittagong,19,11,কুমিল্লা,COMILLA
67f504868a956129955bf749,52476,,0,মুরাদনগর,MURADNAGAR,81,1,20,2,চট্টগ্রাম,Chittagong,19,11,কুমিল্লা,COMILLA
67f504868a956129955bf74a,52475,,0,নাঙ্গলকোট,NANGALKOT,87,1,20,2,চট্টগ্রাম,Chittagong,19,11,কুমিল্লা,COMILLA
67f504868a956129955bf74b,52474,,0,তিতাস,TITAS,94,1,20,2,চট্টগ্রাম,Chittagong,19,11,কুমিল্লা,COMILLA
67f504868a956129955bf74c,52473,,0,চকরিয়া,CHAKARIA,16,1,20,2,চট্টগ্রাম,Chittagong,22,12,কক্সবাজার,COX'S BAZAR
67f504868a956129955bf74d,52472,,0,কক্সবাজার সদর,COXS BAZAR SADAR,24,1,20,2,চট্টগ্রাম,Chittagong,22,12,কক্সবাজার,COX'S BAZAR
67f504868a956129955bf74e,52471,,0,কুতুবদিয়া,KUTUBDIA,45,1,20,2,চট্টগ্রাম,Chittagong,22,12,কক্সবাজার,COX'S BAZAR
67f504868a956129955bf74f,52470,,0,মহেশখালী,MAHESHKHALI,49,1,20,2,চট্টগ্রাম,Chittagong,22,12,কক্সবাজার,COX'S BAZAR
67f504868a956129955bf750,52469,,0,পেকুয়া,PEKUA,56,1,20,2,চট্টগ্রাম,Chittagong,22,12,কক্সবাজার,COX'S BAZAR
67f504868a956129955bf751,52468,,0,রামু,RAMU,66,1,20,2,চট্টগ্রাম,Chittagong,22,12,কক্সবাজার,COX'S BAZAR
67f504868a956129955bf752,52467,,0,টেক্‌নাফ,TEKNAF,90,1,20,2,চট্টগ্রাম,Chittagong,22,12,কক্সবাজার,COX'S BAZAR
67f504868a956129955bf753,52466,,0,উখিয়া,UKHIA,94,1,20,2,চট্টগ্রাম,Chittagong,22,12,কক্সবাজার,COX'S BAZAR
67f504868a956129955bf754,52465,,0,ধামরাই,DHAMRAI,14,1,30,3,ঢাকা,Dhaka,26,18,ঢাকা,DHAKA
67f504868a956129955bf755,52464,,0,দোহার,DOHAR,18,1,30,3,ঢাকা,Dhaka,26,18,ঢাকা,DHAKA
67f504868a956129955bf756,52463,,0,কেরানীগঞ্জ,KERANIGANJ,38,1,30,3,ঢাকা,Dhaka,26,18,ঢাকা,DHAKA
67f504868a956129955bf757,52462,,0,নবাবগঞ্জ,NAWABGANJ,62,1,30,3,ঢাকা,Dhaka,26,18,ঢাকা,DHAKA
67f504868a956129955bf758,52461,,0,সাভার,SAVAR,72,1,30,3,ঢাকা,Dhaka,26,18,ঢাকা,DHAKA
67f504868a956129955bf759,52460,,0,বিরামপুর,BIRAMPUR,10,1,55,6,রংপুর,Rangpur,27,53,দিনাজপুর,DINAJPUR
67f504868a956129955bf75a,52459,,0,বীরগঞ্জ,BIRGANJ,12,1,55,6,রংপুর,Rangpur,27,53,দিনাজপুর,DINAJPUR
67f504868a956129955bf75b,52458,,0,বিরল,BIROL,17,1,55,6,রংপুর,Rangpur,27,53,দিনাজপুর,DINAJPUR
67f504868a956129955bf75c,52457,,0,বোঁচাগঞ্জ,BOCHAGANJ,21,1,55,6,রংপুর,Rangpur,27,53,দিনাজপুর,DINAJPUR
67f504868a956129955bf75d,52456,,0,চিরিরবন্দর,CHIRIRBANDAR,30,1,55,6,রংপুর,Rangpur,27,53,দিনাজপুর,DINAJPUR
67f504868a956129955bf75e,52455,,0,ফুলবাড়ী,FULBARI,38,1,55,6,রংপুর,Rangpur,27,53,দিনাজপুর,DINAJPUR
67f504868a956129955bf75f,52454,,0,ঘোড়াঘাট,GHORAGHAT,43,1,55,6,রংপুর,Rangpur,27,53,দিনাজপুর,DINAJPUR
67f504868a956129955bf760,52453,,0,হাকিমপুর,HAKIMPUR,47,1,55,6,রংপুর,Rangpur,27,53,দিনাজপুর,DINAJPUR
67f504868a956129955bf761,52452,,0,কাহারোল,KAHAROLE,56,1,55,6,রংপুর,Rangpur,27,53,দিনাজপুর,DINAJPUR
67f504868a956129955bf762,52451,,0,খানসামা,KHANSAMA,60,1,55,6,রংপুর,Rangpur,27,53,দিনাজপুর,DINAJPUR
67f504868a956129955bf763,52450,,0,দিনাজপুর সদর,DINAJPUR SADAR,64,1,55,6,রংপুর,Rangpur,27,53,দিনাজপুর,DINAJPUR
67f504868a956129955bf764,52449,,0,নবাবগঞ্জ,NAWABGANJ,69,1,55,6,রংপুর,Rangpur,27,53,দিনাজপুর,DINAJPUR
67f504868a956129955bf765,52448,,0,পার্বতীপুর,PARBATIPUR,77,1,55,6,রংপুর,Rangpur,27,53,দিনাজপুর,DINAJPUR
67f504868a956129955bf766,52447,,0,আলফাডাঙ্গা,ALFADANGA,03,1,30,3,ঢাকা,Dhaka,29,19,ফরিদপুর,FARIDPUR
67f504868a956129955bf767,52446,,0,ভাংগা,BHANGA,10,1,30,3,ঢাকা,Dhaka,29,19,ফরিদপুর,FARIDPUR
67f504868a956129955bf768,52445,,0,বোয়ালমারী,BOALMARI,18,1,30,3,ঢাকা,Dhaka,29,19,ফরিদপুর,FARIDPUR
67f504868a956129955bf769,52444,,0,চর ভদ্রাসন,CHAR BHADRASAN,21,1,30,3,ঢাকা,Dhaka,29,19,ফরিদপুর,FARIDPUR
67f504868a956129955bf76a,52443,,0,ফরিদপুর সদর,FARIDPUR SADAR,47,1,30,3,ঢাকা,Dhaka,29,19,ফরিদপুর,FARIDPUR
67f504868a956129955bf76b,52442,,0,মধুখালী,MADHUKHALI,56,1,30,3,ঢাকা,Dhaka,29,19,ফরিদপুর,FARIDPUR
67f504868a956129955bf76c,52441,,0,নগরকান্দা,NAGARKANDA,62,1,30,3,ঢাকা,Dhaka,29,19,ফরিদপুর,FARIDPUR
67f504868a956129955bf76d,52440,,0,সদরপুর,SADARPUR,84,1,30,3,ঢাকা,Dhaka,29,19,ফরিদপুর,FARIDPUR
67f504868a956129955bf76e,52439,,0,ছাগলনাইয়া,CHHAGALNAIYA,14,1,20,2,চট্টগ্রাম,Chittagong,30,13,ফেনী,FENI
67f504868a956129955bf76f,52438,,0,দাগনভূঞাঁ,DAGANBHUIYAN,25,1,20,2,চট্টগ্রাম,Chittagong,30,13,ফেনী,FENI
67f504868a956129955bf770,52437,,0,ফেনী সদর,FENI SADAR,29,1,20,2,চট্টগ্রাম,Chittagong,30,13,ফেনী,FENI
67f504868a956129955bf771,52436,,0,ফুলগাজী,FULGAZI,41,1,20,2,চট্টগ্রাম,Chittagong,30,13,ফেনী,FENI
67f504868a956129955bf772,52435,,0,পরশুরাম,PARSHURAM,51,1,20,2,চট্টগ্রাম,Chittagong,30,13,ফেনী,FENI
67f504868a956129955bf773,52434,,0,সোনাগাজী,SONAGAZI,94,1,20,2,চট্টগ্রাম,Chittagong,30,13,ফেনী,FENI
67f504868a956129955bf774,52433,,0,ফুলছড়ি,FULCHHARI,21,1,55,6,রংপুর,Rangpur,32,54,গাইবান্ধা,GAIBANDHA
67f504868a956129955bf775,52432,,0,গাইবান্ধা সদর,GAIBANDHA SADAR,24,1,55,6,রংপুর,Rangpur,32,54,গাইবান্ধা,GAIBANDHA
67f504868a956129955bf776,52431,,0,গোবিন্দগঞ্জ,GOBINDAGANJ,30,1,55,6,রংপুর,Rangpur,32,54,গাইবান্ধা,GAIBANDHA
67f504868a956129955bf777,52430,,0,পলাশবাড়ী,PALASHBARI,67,1,55,6,রংপুর,Rangpur,32,54,গাইবান্ধা,GAIBANDHA
67f504868a956129955bf778,52429,,0,সাদুল্যাপুর,SADULLAPUR,82,1,55,6,রংপুর,Rangpur,32,54,গাইবান্ধা,GAIBANDHA
67f504868a956129955bf779,52428,,0,সাঘাটা,SAGHATA,88,1,55,6,রংপুর,Rangpur,32,54,গাইবান্ধা,GAIBANDHA
67f504868a956129955bf77a,52427,,0,সুন্দরগঞ্জ,SUNDARGANJ,91,1,55,6,রংপুর,Rangpur,32,54,গাইবান্ধা,GAIBANDHA
67f504868a956129955bf77b,52426,,0,গাজীপুর সদর,GAZIPUR SADAR,30,1,30,3,ঢাকা,Dhaka,33,20,গাজীপুর,GAZIPUR
67f504868a956129955bf77c,52425,,0,কালিয়াকৈর,KALIAKAIR,32,1,30,3,ঢাকা,Dhaka,33,20,গাজীপুর,GAZIPUR
67f504868a956129955bf77d,52424,,0,কালীগঞ্জ,KALIGANJ,34,1,30,3,ঢাকা,Dhaka,33,20,গাজীপুর,GAZIPUR
67f504868a956129955bf77e,52423,,0,কাপাসিয়া,KAPASIA,36,1,30,3,ঢাকা,Dhaka,33,20,গাজীপুর,GAZIPUR
67f504868a956129955bf77f,52422,,0,শ্রীপুর,SREEPUR,86,1,30,3,ঢাকা,Dhaka,33,20,গাজীপুর,GAZIPUR
67f504868a956129955bf780,52421,,0,গোপালগঞ্জ সদর,GOPALGANJ SADAR,32,1,30,3,ঢাকা,Dhaka,35,21,গোপালগঞ্জ,GOPALGANJ
67f504868a956129955bf781,52420,,0,কাশিয়ানী,KASHIANI,43,1,30,3,ঢাকা,Dhaka,35,21,গোপালগঞ্জ,GOPALGANJ
67f504868a956129955bf782,52419,,0,কোটালীপাড়া,KOTALIPARA,51,1,30,3,ঢাকা,Dhaka,35,21,গোপালগঞ্জ,GOPALGANJ
67f504868a956129955bf783,52418,,0,মুকসুদপুর,MUKSUDPUR,58,1,30,3,ঢাকা,Dhaka,35,21,গোপালগঞ্জ,GOPALGANJ
67f504868a956129955bf784,52417,,0,টুংগীপাড়া,TUNGIPARA,91,1,30,3,ঢাকা,Dhaka,35,21,গোপালগঞ্জ,GOPALGANJ
67f504868a956129955bf785,52416,,0,আজমিরীগঞ্জ,AJMIRIGANJ,02,1,60,7,সিলেট,Sylhet,36,61,হবিগঞ্জ,HABIGANJ
67f504868a956129955bf786,52415,,0,বাহুবল,BAHUBAL,05,1,60,7,সিলেট,Sylhet,36,61,হবিগঞ্জ,HABIGANJ
67f504868a956129955bf787,52414,,0,বানিয়াচং,BANIACHONG,11,1,60,7,সিলেট,Sylhet,36,61,হবিগঞ্জ,HABIGANJ
67f504868a956129955bf788,52413,,0,চুনারুঘাট,CHUNARUGHAT,26,1,60,7,সিলেট,Sylhet,36,61,হবিগঞ্জ,HABIGANJ
67f504868a956129955bf789,52412,,0,হবিগঞ্জ সদর,HABIGANJ SADAR,44,1,60,7,সিলেট,Sylhet,36,61,হবিগঞ্জ,HABIGANJ
67f504868a956129955bf78a,52411,,0,লাখাই,LAKHAI,68,1,60,7,সিলেট,Sylhet,36,61,হবিগঞ্জ,HABIGANJ
67f504868a956129955bf78b,52410,,0,মাধবপুর,MADHABPUR,71,1,60,7,সিলেট,Sylhet,36,61,হবিগঞ্জ,HABIGANJ
67f504868a956129955bf78c,52409,,0,নবীগঞ্জ,NABIGANJ,77,1,60,7,সিলেট,Sylhet,36,61,হবিগঞ্জ,HABIGANJ
67f504868a956129955bf78d,52408,,0,আক্কেলপুর,AKKELPUR,13,1,50,5,রাজশাহী,Rajshahi,38,46,জয়পুরহাট,JOYPURHAT
67f504868a956129955bf78e,52407,,0,জয়পুরহাট সদর,JOYPURHAT SADAR,47,1,50,5,রাজশাহী,Rajshahi,38,46,জয়পুরহাট,JOYPURHAT
67f504868a956129955bf78f,52406,,0,কালাই,KALAI,58,1,50,5,রাজশাহী,Rajshahi,38,46,জয়পুরহাট,JOYPURHAT
67f504868a956129955bf790,52405,,0,ক্ষেতলাল,KHETLAL,61,1,50,5,রাজশাহী,Rajshahi,38,46,জয়পুরহাট,JOYPURHAT
67f504868a956129955bf791,52404,,0,পাঁচবিবি,PANCHBIBI,74,1,50,5,রাজশাহী,Rajshahi,38,46,জয়পুরহাট,JOYPURHAT
67f504868a956129955bf792,52403,,0,বক্‌শীগঞ্জ,BAKSHIGANJ,07,1,45,8,ময়মনসিংহ,Mymensingh,39,22,জামালপুর,JAMALPUR
67f504868a956129955bf793,52402,,0,দেওয়ানগঞ্জ,DEWANGANJ,15,1,45,8,ময়মনসিংহ,Mymensingh,39,22,জামালপুর,JAMALPUR
67f504868a956129955bf794,52401,,0,ইসলামপুর,ISLAMPUR,29,1,45,8,ময়মনসিংহ,Mymensingh,39,22,জামালপুর,JAMALPUR
67f504868a956129955bf795,52400,,0,জামালপুর সদর,JAMALPUR SADAR,36,1,45,8,ময়মনসিংহ,Mymensingh,39,22,জামালপুর,JAMALPUR
67f504868a956129955bf796,52399,,0,মাদারগঞ্জ,MADARGANJ,58,1,45,8,ময়মনসিংহ,Mymensingh,39,22,জামালপুর,JAMALPUR
67f504868a956129955bf797,52398,,0,মেলান্দহ,MELANDAHA,61,1,45,8,ময়মনসিংহ,Mymensingh,39,22,জামালপুর,JAMALPUR
67f504868a956129955bf798,52397,,0,সরিষাবাড়ী,SARISHABARI,85,1,45,8,ময়মনসিংহ,Mymensingh,39,22,জামালপুর,JAMALPUR
67f504868a956129955bf799,52396,,0,অভয়নগর,ABHAYNAGAR,04,1,40,4,খুলনা,Khulna,41,37,যশোর,JESSORE
67f504868a956129955bf79a,52395,,0,বাঘেরপাড়া,BAGHER PARA,09,1,40,4,খুলনা,Khulna,41,37,যশোর,JESSORE
67f504868a956129955bf79b,52394,,0,চৌগাছা,CHAUGACHHA,11,1,40,4,খুলনা,Khulna,41,37,যশোর,JESSORE
67f504868a956129955bf79c,52393,,0,ঝিকরগাছা,JHIKARGACHHA,23,1,40,4,খুলনা,Khulna,41,37,যশোর,JESSORE
67f504868a956129955bf79d,52392,,0,কেশবপুর,KESHABPUR,38,1,40,4,খুলনা,Khulna,41,37,যশোর,JESSORE
67f504868a956129955bf79e,52391,,0,যশোর সদর,Jessore Sadar,47,1,40,4,খুলনা,Khulna,41,37,যশোর,JESSORE
67f504868a956129955bf79f,52390,,0,মনিরামপুর,MANIRAMPUR,61,1,40,4,খুলনা,Khulna,41,37,যশোর,JESSORE
67f504868a956129955bf7a0,52389,,0,শার্শা,SHARSHA,90,1,40,4,খুলনা,Khulna,41,37,যশোর,JESSORE
67f504868a956129955bf7a1,52388,,0,ঝালকাঠী সদর,JHALOKATI SADAR,40,1,10,1,বরিশাল,Barisal,42,4,ঝালকাঠি,JHALOKATI
67f504868a956129955bf7a2,52387,,0,কাঁঠালিয়া,KANTHALIA,43,1,10,1,বরিশাল,Barisal,42,4,ঝালকাঠি,JHALOKATI
67f504868a956129955bf7a3,52386,,0,নলছিটি,NALCHITY,73,1,10,1,বরিশাল,Barisal,42,4,ঝালকাঠি,JHALOKATI
67f504868a956129955bf7a4,52385,,0,রাজাপুর,RAJAPUR,84,1,10,1,বরিশাল,Barisal,42,4,ঝালকাঠি,JHALOKATI
67f504868a956129955bf7a5,52384,,0,হরিণাকুন্ড,HARINAKUNDA,14,1,40,4,খুলনা,Khulna,44,38,ঝিনাইদহ,JHENAIDAH
67f504868a956129955bf7a6,52383,,0,ঝিনাইদহ সদর,JHENAIDAH SADAR,19,1,40,4,খুলনা,Khulna,44,38,ঝিনাইদহ,JHENAIDAH
67f504868a956129955bf7a7,52382,,0,কালীগঞ্জ,KALIGANJ,33,1,40,4,খুলনা,Khulna,44,38,ঝিনাইদহ,JHENAIDAH
67f504868a956129955bf7a8,52381,,0,কোটচাঁদপুর,KOTCHANDPUR,42,1,40,4,খুলনা,Khulna,44,38,ঝিনাইদহ,JHENAIDAH
67f504868a956129955bf7a9,52380,,0,মহেশপুর,MAHESHPUR,71,1,40,4,খুলনা,Khulna,44,38,ঝিনাইদহ,JHENAIDAH
67f504868a956129955bf7aa,52379,,0,শৈলকুপা,SHAILKUPA,80,1,40,4,খুলনা,Khulna,44,38,ঝিনাইদহ,JHENAIDAH
67f504868a956129955bf7ab,52378,,0,দিঘীনালা,DIGHINALA,43,1,20,2,চট্টগ্রাম,Chittagong,46,14,খাগড়াছড়ি,KHAGRACHHARI
67f504868a956129955bf7ac,52377,,0,খাগড়াছড়ি সদর,KHAGRACHHARI SADAR,49,1,20,2,চট্টগ্রাম,Chittagong,46,14,খাগড়াছড়ি,KHAGRACHHARI
67f504868a956129955bf7ad,52376,,0,লক্ষীছড়ি,LAKSHMICHHARI,61,1,20,2,চট্টগ্রাম,Chittagong,46,14,খাগড়াছড়ি,KHAGRACHHARI
67f504868a956129955bf7ae,52375,,0,মহালছড়ি,MAHALCHHARI,65,1,20,2,চট্টগ্রাম,Chittagong,46,14,খাগড়াছড়ি,KHAGRACHHARI
67f504868a956129955bf7af,52374,,0,মানিকছড়ি,MANIKCHHARI,67,1,20,2,চট্টগ্রাম,Chittagong,46,14,খাগড়াছড়ি,KHAGRACHHARI
67f504868a956129955bf7b0,52373,,0,মাটিরাঙ্গা,MATIRANGA,70,1,20,2,চট্টগ্রাম,Chittagong,46,14,খাগড়াছড়ি,KHAGRACHHARI
67f504868a956129955bf7b1,52372,,0,পানছড়ি,PANCHHARI,77,1,20,2,চট্টগ্রাম,Chittagong,46,14,খাগড়াছড়ি,KHAGRACHHARI
67f504868a956129955bf7b2,52371,,0,রামগড়,RAMGARH,80,1,20,2,চট্টগ্রাম,Chittagong,46,14,খাগড়াছড়ি,KHAGRACHHARI
67f504868a956129955bf7b3,52370,,0,বটিয়াঘাটা,BATIAGHATA,12,1,40,4,খুলনা,Khulna,47,39,খুলনা,KHULNA
67f504868a956129955bf7b4,52369,,0,দাকোপ,DAKOP,17,1,40,4,খুলনা,Khulna,47,39,খুলনা,KHULNA
67f504868a956129955bf7b5,52368,,0,ডুমুরিয়া,DUMURIA,30,1,40,4,খুলনা,Khulna,47,39,খুলনা,KHULNA
67f504868a956129955bf7b6,52367,,0,দিঘলিয়া,DIGHALIA,40,1,40,4,খুলনা,Khulna,47,39,খুলনা,KHULNA
67f504868a956129955bf7b7,52366,,0,কয়রা,KOYRA,53,1,40,4,খুলনা,Khulna,47,39,খুলনা,KHULNA
67f504868a956129955bf7b8,52365,,0,পাইকগাছা,PAIKGACHHA,64,1,40,4,খুলনা,Khulna,47,39,খুলনা,KHULNA
67f504868a956129955bf7b9,52364,,0,ফুলতলা,PHULTALA,69,1,40,4,খুলনা,Khulna,47,39,খুলনা,KHULNA
67f504868a956129955bf7ba,52363,,0,রূপসা,RUPSA,75,1,40,4,খুলনা,Khulna,47,39,খুলনা,KHULNA
67f504868a956129955bf7bb,52362,,0,তেরখাদা,TEROKHADA,94,1,40,4,খুলনা,Khulna,47,39,খুলনা,KHULNA
67f504868a956129955bf7bc,52361,,0,অষ্টগ্রাম,AUSTAGRAM,02,1,30,3,ঢাকা,Dhaka,48,23,কিশোরগঞ্জ,KISHOREGONJ
67f504868a956129955bf7bd,52360,,0,বাজিতপুর,BAJITPUR,06,1,30,3,ঢাকা,Dhaka,48,23,কিশোরগঞ্জ,KISHOREGONJ
67f504868a956129955bf7be,52359,,0,ভৈরব,BHAIRAB,11,1,30,3,ঢাকা,Dhaka,48,23,কিশোরগঞ্জ,KISHOREGONJ
67f504868a956129955bf7bf,52358,,0,হোসেনপুর,HOSSAINPUR,27,1,30,3,ঢাকা,Dhaka,48,23,কিশোরগঞ্জ,KISHOREGONJ
67f504868a956129955bf7c0,52357,,0,ইটনা,ITNA,33,1,30,3,ঢাকা,Dhaka,48,23,কিশোরগঞ্জ,KISHOREGONJ
67f504868a956129955bf7c1,52356,,0,করিমগঞ্জ,KARIMGANJ,42,1,30,3,ঢাকা,Dhaka,48,23,কিশোরগঞ্জ,KISHOREGONJ
67f504868a956129955bf7c2,52355,,0,কটিয়াদী,KATIADI,45,1,30,3,ঢাকা,Dhaka,48,23,কিশোরগঞ্জ,KISHOREGONJ
67f504868a956129955bf7c3,52354,,0,কিশোরগঞ্জ সদর,KISHOREGANJ SADAR,49,1,30,3,ঢাকা,Dhaka,48,23,কিশোরগঞ্জ,KISHOREGONJ
67f504868a956129955bf7c4,52353,,0,কুলিয়ারচর,KULIAR CHAR,54,1,30,3,ঢাকা,Dhaka,48,23,কিশোরগঞ্জ,KISHOREGONJ
67f504868a956129955bf7c5,52352,,0,মিঠামইন,MITHAMAIN,59,1,30,3,ঢাকা,Dhaka,48,23,কিশোরগঞ্জ,KISHOREGONJ
67f504868a956129955bf7c6,52351,,0,নিকলী,NIKLI,76,1,30,3,ঢাকা,Dhaka,48,23,কিশোরগঞ্জ,KISHOREGONJ
67f504868a956129955bf7c7,52350,,0,পাকুন্দিয়া,PAKUNDIA,79,1,30,3,ঢাকা,Dhaka,48,23,কিশোরগঞ্জ,KISHOREGONJ
67f504868a956129955bf7c8,52349,,0,তাড়াইল,TARAIL,92,1,30,3,ঢাকা,Dhaka,48,23,কিশোরগঞ্জ,KISHOREGONJ
67f504868a956129955bf7c9,52348,,0,ভুরুঙ্গামারী,BHURUNGAMARI,06,1,55,6,রংপুর,Rangpur,49,55,কুড়িগ্রাম,KURIGRAM
67f504868a956129955bf7ca,52347,,0,রাজীবপুর,CHAR RAJIBPUR,08,1,55,6,রংপুর,Rangpur,49,55,কুড়িগ্রাম,KURIGRAM
67f504868a956129955bf7cb,52346,,0,চিলমারী,CHILMARI,09,1,55,6,রংপুর,Rangpur,49,55,কুড়িগ্রাম,KURIGRAM
67f504868a956129955bf7cc,52345,,0,ফুলবাড়ী,PHULBARI,18,1,55,6,রংপুর,Rangpur,49,55,কুড়িগ্রাম,KURIGRAM
67f504868a956129955bf7cd,52344,,0,কুড়িগ্রাম সদর,KURIGRAM SADAR,52,1,55,6,রংপুর,Rangpur,49,55,কুড়িগ্রাম,KURIGRAM
67f504868a956129955bf7ce,52343,,0,নাগেশ্বরী,NAGESHWARI,61,1,55,6,রংপুর,Rangpur,49,55,কুড়িগ্রাম,KURIGRAM
67f504868a956129955bf7cf,52342,,0,রাজারহাট,RAJARHAT,77,1,55,6,রংপুর,Rangpur,49,55,কুড়িগ্রাম,KURIGRAM
67f504868a956129955bf7d0,52341,,0,রৌমারী,RAUMARI,79,1,55,6,রংপুর,Rangpur,49,55,কুড়িগ্রাম,KURIGRAM
67f504868a956129955bf7d1,52340,,0,উলিপুর,ULIPUR,94,1,55,6,রংপুর,Rangpur,49,55,কুড়িগ্রাম,KURIGRAM
67f504868a956129955bf7d2,52339,,0,ভেড়ামারা,BHERAMARA,15,1,40,4,খুলনা,Khulna,50,40,কুষ্টিয়া,KUSHTIA
67f504868a956129955bf7d3,52338,,0,দৌলতপুর,DAULATPUR,39,1,40,4,খুলনা,Khulna,50,40,কুষ্টিয়া,KUSHTIA
67f504868a956129955bf7d4,52337,,0,খোক্‌সা,KHOKSA,63,1,40,4,খুলনা,Khulna,50,40,কুষ্টিয়া,KUSHTIA
67f504868a956129955bf7d5,52336,,0,কুমারখালী,KUMARKHALI,71,1,40,4,খুলনা,Khulna,50,40,কুষ্টিয়া,KUSHTIA
67f504868a956129955bf7d6,52335,,0,কুষ্টিয়া সদর,KUSHTIA SADAR,79,1,40,4,খুলনা,Khulna,50,40,কুষ্টিয়া,KUSHTIA
67f504868a956129955bf7d7,52334,,0,মিরপুর,MIRPUR,94,1,40,4,খুলনা,Khulna,50,40,কুষ্টিয়া,KUSHTIA
67f504868a956129955bf7d8,52333,,0,কমলনগর,KAMALNAGAR,33,1,20,2,চট্টগ্রাম,Chittagong,51,15,লক্ষ্মীপুর,LAKSHMIPUR
67f504868a956129955bf7d9,52332,,0,লক্ষ্ণীপুর সদর,LAKSHMIPUR SADAR,43,1,20,2,চট্টগ্রাম,Chittagong,51,15,লক্ষ্মীপুর,LAKSHMIPUR
67f504868a956129955bf7da,52331,,0,রায়পুর,ROYPUR,58,1,20,2,চট্টগ্রাম,Chittagong,51,15,লক্ষ্মীপুর,LAKSHMIPUR
67f504868a956129955bf7db,52330,,0,রামগঞ্জ,RAMGANJ,65,1,20,2,চট্টগ্রাম,Chittagong,51,15,লক্ষ্মীপুর,LAKSHMIPUR
67f504868a956129955bf7dc,52329,,0,রামগতি,RAMGATI,73,1,20,2,চট্টগ্রাম,Chittagong,51,15,লক্ষ্মীপুর,LAKSHMIPUR
67f504868a956129955bf7dd,52328,,0,অদিতমারী,ADITMARI,02,1,55,6,রংপুর,Rangpur,52,56,লালমনিরহাট,LALMONIRHAT
67f504868a956129955bf7de,52327,,0,হাতীবান্ধা,HATIBANDHA,33,1,55,6,রংপুর,Rangpur,52,56,লালমনিরহাট,LALMONIRHAT
67f504868a956129955bf7df,52326,,0,কালীগঞ্জ,KALIGANJ,39,1,55,6,রংপুর,Rangpur,52,56,লালমনিরহাট,LALMONIRHAT
67f504868a956129955bf7e0,52325,,0,লালমনিরহাট সদর,LALMONIRHAT SADAR,55,1,55,6,রংপুর,Rangpur,52,56,লালমনিরহাট,LALMONIRHAT
67f504868a956129955bf7e1,52324,,0,পাটগ্রাম,PATGRAM,70,1,55,6,রংপুর,Rangpur,52,56,লালমনিরহাট,LALMONIRHAT
67f504868a956129955bf7e2,52323,,0,কালকিনী,KALKINI,40,1,30,3,ঢাকা,Dhaka,54,24,মাদারীপুর,MADARIPUR
67f504868a956129955bf7e3,52322,,0,মাদারিপুর সদর,MADARIPUR SADAR,54,1,30,3,ঢাকা,Dhaka,54,24,মাদারীপুর,MADARIPUR
67f504868a956129955bf7e4,52321,,0,রাজৈর,RAJOIR,80,1,30,3,ঢাকা,Dhaka,54,24,মাদারীপুর,MADARIPUR
67f504868a956129955bf7e5,52320,,0,শিবচর,SHIB CHAR,87,1,30,3,ঢাকা,Dhaka,54,24,মাদারীপুর,MADARIPUR
67f504868a956129955bf7e6,52319,,0,মাগুরা সদর,MAGURA SADAR,57,1,40,4,খুলনা,Khulna,55,41,মাগুরা,MAGURA
67f504868a956129955bf7e7,52318,,0,মহম্মদপুর,MOHAMMADPUR,66,1,40,4,খুলনা,Khulna,55,41,মাগুরা,MAGURA
67f504868a956129955bf7e8,52317,,0,শালিখা,SHALIKHA,85,1,40,4,খুলনা,Khulna,55,41,মাগুরা,MAGURA
67f504868a956129955bf7e9,52316,,0,শ্রীপুর,SREEPUR,95,1,40,4,খুলনা,Khulna,55,41,মাগুরা,MAGURA
67f504868a956129955bf7ea,52315,,0,দৌলতপুর,DAULATPUR,10,1,30,3,ঢাকা,Dhaka,56,25,মানিকগঞ্জ,MANIKGANJ
67f504868a956129955bf7eb,52314,,0,ঘিওর,GHIOR,22,1,30,3,ঢাকা,Dhaka,56,25,মানিকগঞ্জ,MANIKGANJ
67f504868a956129955bf7ec,52313,,0,হরিরামপুর,HARIRAMPUR,28,1,30,3,ঢাকা,Dhaka,56,25,মানিকগঞ্জ,MANIKGANJ
67f504868a956129955bf7ed,52312,,0,মানিকগঞ্জ সদর,MANIKGANJ SADAR,46,1,30,3,ঢাকা,Dhaka,56,25,মানিকগঞ্জ,MANIKGANJ
67f504868a956129955bf7ee,52311,,0,সাটুরিয়া,SATURIA,70,1,30,3,ঢাকা,Dhaka,56,25,মানিকগঞ্জ,MANIKGANJ
67f504868a956129955bf7ef,52310,,0,শিবালয়,SHIBALAYA,78,1,30,3,ঢাকা,Dhaka,56,25,মানিকগঞ্জ,MANIKGANJ
67f504868a956129955bf7f0,52309,,0,সিংগাইর,SINGAIR,82,1,30,3,ঢাকা,Dhaka,56,25,মানিকগঞ্জ,MANIKGANJ
67f504868a956129955bf7f1,52308,,0,গাংনী,GANGNI,47,1,40,4,খুলনা,Khulna,57,42,মেহেরপুর,MEHERPUR
67f504868a956129955bf7f2,52307,,0,মুজিব নগর,MUJIB NAGAR,60,1,40,4,খুলনা,Khulna,57,42,মেহেরপুর,MEHERPUR
67f504868a956129955bf7f3,52306,,0,মেহেরপুর সদর,MEHERPUR SADAR,87,1,40,4,খুলনা,Khulna,57,42,মেহেরপুর,MEHERPUR
67f504868a956129955bf7f4,52305,,0,বড়লেখা,BARLEKHA,14,1,60,7,সিলেট,Sylhet,58,62,মৌলভীবাজার,MAULVIBAZAR
67f504868a956129955bf7f5,52304,,0,জুড়ী,JURI,35,1,60,7,সিলেট,Sylhet,58,62,মৌলভীবাজার,MAULVIBAZAR
67f504868a956129955bf7f6,52303,,0,কমলগঞ্জ,KAMALGANJ,56,1,60,7,সিলেট,Sylhet,58,62,মৌলভীবাজার,MAULVIBAZAR
67f504868a956129955bf7f7,52302,,0,কুলাউড়া,KULAURA,65,1,60,7,সিলেট,Sylhet,58,62,মৌলভীবাজার,MAULVIBAZAR
67f504868a956129955bf7f8,52301,,0,মৌলভীবাজার সদর,MAULVIBAZAR SADAR,74,1,60,7,সিলেট,Sylhet,58,62,মৌলভীবাজার,MAULVIBAZAR
67f504868a956129955bf7f9,52300,,0,রাজনগর,RAJNAGAR,80,1,60,7,সিলেট,Sylhet,58,62,মৌলভীবাজার,MAULVIBAZAR
67f504868a956129955bf7fa,52299,,0,শ্রীমঙ্গল,SREEMANGAL,83,1,60,7,সিলেট,Sylhet,58,62,মৌলভীবাজার,MAULVIBAZAR
67f504868a956129955bf7fb,52298,,0,গজারিয়া,GAZARIA,24,1,30,3,ঢাকা,Dhaka,59,26,মুন্সিগঞ্জ,MUNSHIGANJ
67f504868a956129955bf7fc,52297,,0,লৌহজং,LOHAJANG,44,1,30,3,ঢাকা,Dhaka,59,26,মুন্সিগঞ্জ,MUNSHIGANJ
67f504868a956129955bf7fd,52296,,0,মুন্সীগঞ্জ সদর,MUNSHIGANJ SADAR,56,1,30,3,ঢাকা,Dhaka,59,26,মুন্সিগঞ্জ,MUNSHIGANJ
67f504868a956129955bf7fe,52295,,0,সিরাজদীখান,SERAJDIKHAN,74,1,30,3,ঢাকা,Dhaka,59,26,মুন্সিগঞ্জ,MUNSHIGANJ
67f504868a956129955bf7ff,52294,,0,শ্রীনগর,SREENAGAR,84,1,30,3,ঢাকা,Dhaka,59,26,মুন্সিগঞ্জ,MUNSHIGANJ
67f504868a956129955bf800,52293,,0,টঙ্গিবাড়ী,TONGIBARI,94,1,30,3,ঢাকা,Dhaka,59,26,মুন্সিগঞ্জ,MUNSHIGANJ
67f504868a956129955bf801,52292,,0,ভালুকা,BHALUKA,13,1,45,8,ময়মনসিংহ,Mymensingh,61,27,ময়মনসিংহ,MYMENSINGH
67f504868a956129955bf802,52291,,0,ধোবাউড়া,DHOBAURA,16,1,45,8,ময়মনসিংহ,Mymensingh,61,27,ময়মনসিংহ,MYMENSINGH
67f504868a956129955bf803,52290,,0,ফুলবাড়ীয়া,FULBARIA,20,1,45,8,ময়মনসিংহ,Mymensingh,61,27,ময়মনসিংহ,MYMENSINGH
67f504868a956129955bf804,52289,,0,গফরগাঁও,GAFFARGAON,22,1,45,8,ময়মনসিংহ,Mymensingh,61,27,ময়মনসিংহ,MYMENSINGH
67f504868a956129955bf805,52288,,0,গৌরীপুর,GAURIPUR,23,1,45,8,ময়মনসিংহ,Mymensingh,61,27,ময়মনসিংহ,MYMENSINGH
67f504868a956129955bf806,52287,,0,হালূয়াঘাট,HALUAGHAT,24,1,45,8,ময়মনসিংহ,Mymensingh,61,27,ময়মনসিংহ,MYMENSINGH
67f504868a956129955bf807,52286,,0,ঈশ্বরগঞ্জ,ISHWARGANJ,31,1,45,8,ময়মনসিংহ,Mymensingh,61,27,ময়মনসিংহ,MYMENSINGH
67f504868a956129955bf808,52285,,0,ময়মনসিংহ সদর,MYMENSINGH SADAR,52,1,45,8,ময়মনসিংহ,Mymensingh,61,27,ময়মনসিংহ,MYMENSINGH
67f504868a956129955bf809,52284,,0,মুক্তাগাছা,MUKTAGACHHA,65,1,45,8,ময়মনসিংহ,Mymensingh,61,27,ময়মনসিংহ,MYMENSINGH
67f504868a956129955bf80a,52283,,0,নান্দাইল,NANDAIL,72,1,45,8,ময়মনসিংহ,Mymensingh,61,27,ময়মনসিংহ,MYMENSINGH
67f504868a956129955bf80b,52282,,0,ফুলপুর,PHULPUR,81,1,45,8,ময়মনসিংহ,Mymensingh,61,27,ময়মনসিংহ,MYMENSINGH
67f504868a956129955bf80c,52281,,0,ত্রিশাল,TRISHAL,94,1,45,8,ময়মনসিংহ,Mymensingh,61,27,ময়মনসিংহ,MYMENSINGH
67f504868a956129955bf80d,52280,,0,আত্রাই,ATRAI,03,1,50,5,রাজশাহী,Rajshahi,64,47,নওগাঁ,NAOGAON
67f504868a956129955bf80e,52279,,0,বাদলগাছী,BADALGACHHI,06,1,50,5,রাজশাহী,Rajshahi,64,47,নওগাঁ,NAOGAON
67f504868a956129955bf80f,52278,,0,ধামইরহাট,DHAMOIRHAT,28,1,50,5,রাজশাহী,Rajshahi,64,47,নওগাঁ,NAOGAON
67f504868a956129955bf810,52277,,0,মান্দা,MANDA,47,1,50,5,রাজশাহী,Rajshahi,64,47,নওগাঁ,NAOGAON
67f504868a956129955bf811,52276,,0,মহাদেবপুর,MAHADEBPUR,50,1,50,5,রাজশাহী,Rajshahi,64,47,নওগাঁ,NAOGAON
67f504868a956129955bf812,52275,,0,নওগাঁ সদর,NAOGAON SADAR,60,1,50,5,রাজশাহী,Rajshahi,64,47,নওগাঁ,NAOGAON
67f504868a956129955bf813,52274,,0,নিয়ামতপুর,NIAMATPUR,69,1,50,5,রাজশাহী,Rajshahi,64,47,নওগাঁ,NAOGAON
67f504868a956129955bf814,52273,,0,পত্নীতলা,PATNITALA,75,1,50,5,রাজশাহী,Rajshahi,64,47,নওগাঁ,NAOGAON
67f504868a956129955bf815,52272,,0,পোরশা,PORSHA,79,1,50,5,রাজশাহী,Rajshahi,64,47,নওগাঁ,NAOGAON
67f504868a956129955bf816,52271,,0,রাণীনগর,RANINAGAR,85,1,50,5,রাজশাহী,Rajshahi,64,47,নওগাঁ,NAOGAON
67f504868a956129955bf817,52270,,0,সাপাহার,SAPAHAR,86,1,50,5,রাজশাহী,Rajshahi,64,47,নওগাঁ,NAOGAON
67f504868a956129955bf818,52269,,0,কালিয়া,KALIA,28,1,40,4,খুলনা,Khulna,65,43,নড়াইল,NARAIL
67f504868a956129955bf819,52268,,0,লোহাগড়া,LOHAGARA,52,1,40,4,খুলনা,Khulna,65,43,নড়াইল,NARAIL
67f504868a956129955bf81a,52267,,0,নড়াইল সদর,NARAIL SADAR,76,1,40,4,খুলনা,Khulna,65,43,নড়াইল,NARAIL
67f504868a956129955bf81b,52266,,0,আড়াইহাজার,ARAIHAZAR,02,1,30,3,ঢাকা,Dhaka,67,28,নারায়ণগঞ্জ,NARAYANGANJ
67f504868a956129955bf81c,52265,,0,সোনারগাঁ,SONARGAON,04,1,30,3,ঢাকা,Dhaka,67,28,নারায়ণগঞ্জ,NARAYANGANJ
67f504868a956129955bf81d,52264,,0,বন্দর,BANDAR,06,1,30,3,ঢাকা,Dhaka,67,28,নারায়ণগঞ্জ,NARAYANGANJ
67f504868a956129955bf81e,52263,,0,নারায়নগঞ্জ সদর,NARAYANGANJ SADAR,58,1,30,3,ঢাকা,Dhaka,67,28,নারায়ণগঞ্জ,NARAYANGANJ
67f504868a956129955bf81f,52262,,0,রূপগঞ্জ,RUPGANJ,68,1,30,3,ঢাকা,Dhaka,67,28,নারায়ণগঞ্জ,NARAYANGANJ
67f504868a956129955bf820,52261,,0,বেলাব,BELABO,07,1,30,3,ঢাকা,Dhaka,68,29,নরসিংদী,NARSINGDI
67f504868a956129955bf821,52260,,0,মনোহরদী,MANOHARDI,52,1,30,3,ঢাকা,Dhaka,68,29,নরসিংদী,NARSINGDI
67f504868a956129955bf822,52259,,0,নরসিংদী সদর,NARSINGDI SADAR,60,1,30,3,ঢাকা,Dhaka,68,29,নরসিংদী,NARSINGDI
67f504868a956129955bf823,52258,,0,পলাশ,PALASH,63,1,30,3,ঢাকা,Dhaka,68,29,নরসিংদী,NARSINGDI
67f504868a956129955bf824,52257,,0,রায়পুরা,ROYPURA,64,1,30,3,ঢাকা,Dhaka,68,29,নরসিংদী,NARSINGDI
67f504868a956129955bf825,52256,,0,শিবপুর,SHIBPUR,76,1,30,3,ঢাকা,Dhaka,68,29,নরসিংদী,NARSINGDI
67f504868a956129955bf826,52255,,0,বাগাতীপাড়া,BAGATIPARA,09,1,50,5,রাজশাহী,Rajshahi,69,48,নাটোর,NATORE
67f504868a956129955bf827,52254,,0,বড়াইগ্রাম,BARAIGRAM,15,1,50,5,রাজশাহী,Rajshahi,69,48,নাটোর,NATORE
67f504868a956129955bf828,52253,,0,গুরুদাসপুর,GURUDASPUR,41,1,50,5,রাজশাহী,Rajshahi,69,48,নাটোর,NATORE
67f504868a956129955bf829,52252,,0,লালপুর,LALPUR,44,1,50,5,রাজশাহী,Rajshahi,69,48,নাটোর,NATORE
67f504868a956129955bf82a,52251,,0,নাটোর সদর,NATORE SADAR,63,1,50,5,রাজশাহী,Rajshahi,69,48,নাটোর,NATORE
67f504868a956129955bf82b,52250,,0,সিংড়া,SINGRA,91,1,50,5,রাজশাহী,Rajshahi,69,48,নাটোর,NATORE
67f504868a956129955bf82c,52249,,0,ভোলাহাট,BHOLAHAT,18,1,50,5,রাজশাহী,Rajshahi,70,49,চাঁপাইনবাবগঞ্জ,CHAPAI NABABGANJ
67f504868a956129955bf82d,52248,,0,গোমস্তাপুর,GOMASTAPUR,37,1,50,5,রাজশাহী,Rajshahi,70,49,চাঁপাইনবাবগঞ্জ,CHAPAI NABABGANJ
67f504868a956129955bf82e,52247,,0,নাচোল,NACHOLE,56,1,50,5,রাজশাহী,Rajshahi,70,49,চাঁপাইনবাবগঞ্জ,CHAPAI NABABGANJ
67f504868a956129955bf82f,52246,,0,চাঁপাই নবাবগঞ্জ সদর,CHAPAI NABABGANJ SADAR,66,1,50,5,রাজশাহী,Rajshahi,70,49,চাঁপাইনবাবগঞ্জ,CHAPAI NABABGANJ
67f504868a956129955bf830,52245,,0,শিবগঞ্জ,SHIBGANJ,88,1,50,5,রাজশাহী,Rajshahi,70,49,চাঁপাইনবাবগঞ্জ,CHAPAI NABABGANJ
67f504868a956129955bf831,52244,,0,আটপাড়া,ATPARA,04,1,45,8,ময়মনসিংহ,Mymensingh,72,30,নেত্রকোণা,NETRAKONA
67f504868a956129955bf832,52243,,0,বারহাট্টা,BARHATTA,09,1,45,8,ময়মনসিংহ,Mymensingh,72,30,নেত্রকোণা,NETRAKONA
67f504868a956129955bf833,52242,,0,দুর্গাপুর,DURGAPUR,18,1,45,8,ময়মনসিংহ,Mymensingh,72,30,নেত্রকোণা,NETRAKONA
67f504868a956129955bf834,52241,,0,খালিয়াজুরী,KHALIAJURI,38,1,45,8,ময়মনসিংহ,Mymensingh,72,30,নেত্রকোণা,NETRAKONA
67f504868a956129955bf835,52240,,0,কলমাকান্দা,KALMAKANDA,40,1,45,8,ময়মনসিংহ,Mymensingh,72,30,নেত্রকোণা,NETRAKONA
67f504868a956129955bf836,52239,,0,কেন্দুয়া,KENDUA,47,1,45,8,ময়মনসিংহ,Mymensingh,72,30,নেত্রকোণা,NETRAKONA
67f504868a956129955bf837,52238,,0,মদন,MADAN,56,1,45,8,ময়মনসিংহ,Mymensingh,72,30,নেত্রকোণা,NETRAKONA
67f504868a956129955bf838,52237,,0,মোহনগঞ্জ,MOHANGANJ,63,1,45,8,ময়মনসিংহ,Mymensingh,72,30,নেত্রকোণা,NETRAKONA
67f504868a956129955bf839,52236,,0,নেত্রকোনা সদর,NETROKONA SADAR,74,1,45,8,ময়মনসিংহ,Mymensingh,72,30,নেত্রকোণা,NETRAKONA
67f504868a956129955bf83a,52235,,0,পূর্বধলা,PURBADHALA,83,1,45,8,ময়মনসিংহ,Mymensingh,72,30,নেত্রকোণা,NETRAKONA
67f504868a956129955bf83b,52234,,0,ডিম্‌লা,DIMLA UPAZILA,12,1,55,6,রংপুর,Rangpur,73,57,নীলফামারী,NILPHAMARI
67f504868a956129955bf83c,52233,,0,ডোমার,DOMAR UPAZILA,15,1,55,6,রংপুর,Rangpur,73,57,নীলফামারী,NILPHAMARI
67f504868a956129955bf83d,52232,,0,জলঢাকা,JALDHAKA UPAZILA,36,1,55,6,রংপুর,Rangpur,73,57,নীলফামারী,NILPHAMARI
67f504868a956129955bf83e,52231,,0,কিশোরগঞ্জ,KISHOREGANJ UPAZILA,45,1,55,6,রংপুর,Rangpur,73,57,নীলফামারী,NILPHAMARI
67f504868a956129955bf83f,52230,,0,নীলফামারী সদর,NILPHAMARI SADAR UPAZ,64,1,55,6,রংপুর,Rangpur,73,57,নীলফামারী,NILPHAMARI
67f504868a956129955bf840,52229,,0,সৈয়দপুর,SAIDPUR UPAZILA,85,1,55,6,রংপুর,Rangpur,73,57,নীলফামারী,NILPHAMARI
67f504868a956129955bf841,52228,,0,বেগমগঞ্জ,BEGUMGANJ,07,1,20,2,চট্টগ্রাম,Chittagong,75,16,নোয়াখালী,NOAKHALI
67f504868a956129955bf842,52227,,0,চাট্‌খিল,CHATKHIL,10,1,20,2,চট্টগ্রাম,Chittagong,75,16,নোয়াখালী,NOAKHALI
67f504868a956129955bf843,52226,,0,কোম্পানীগঞ্জ,COMPANIGANJ,21,1,20,2,চট্টগ্রাম,Chittagong,75,16,নোয়াখালী,NOAKHALI
67f504868a956129955bf844,52225,,0,হাতিয়া,HATIYA,36,1,20,2,চট্টগ্রাম,Chittagong,75,16,নোয়াখালী,NOAKHALI
67f504868a956129955bf845,52224,,0,কবিরহাট,KABIRHAT,47,1,20,2,চট্টগ্রাম,Chittagong,75,16,নোয়াখালী,NOAKHALI
67f504868a956129955bf846,52223,,0,সেনবাগ,SENBAGH,80,1,20,2,চট্টগ্রাম,Chittagong,75,16,নোয়াখালী,NOAKHALI
67f504868a956129955bf847,52222,,0,সোনাইমুড়ী,SONAIMURI,83,1,20,2,চট্টগ্রাম,Chittagong,75,16,নোয়াখালী,NOAKHALI
67f504868a956129955bf848,52221,,0,সুবর্ণচর,SUBARNACHAR,85,1,20,2,চট্টগ্রাম,Chittagong,75,16,নোয়াখালী,NOAKHALI
67f504868a956129955bf849,52220,,0,নোয়াখালী সদর,NOAKHALI SADAR,87,1,20,2,চট্টগ্রাম,Chittagong,75,16,নোয়াখালী,NOAKHALI
67f504868a956129955bf84a,52219,,0,আটঘরিয়া,ATGHARIA,05,1,50,5,রাজশাহী,Rajshahi,76,50,পাবনা,PABNA
67f504868a956129955bf84b,52218,,0,বেড়া,BERA,16,1,50,5,রাজশাহী,Rajshahi,76,50,পাবনা,PABNA
67f504868a956129955bf84c,52217,,0,ভাঙ্গুড়া,BHANGURA,19,1,50,5,রাজশাহী,Rajshahi,76,50,পাবনা,PABNA
67f504868a956129955bf84d,52216,,0,চাট্‌মোহর,CHATMOHAR,22,1,50,5,রাজশাহী,Rajshahi,76,50,পাবনা,PABNA
67f504868a956129955bf84e,52215,,0,ফরিদপুর,FARIDPUR,33,1,50,5,রাজশাহী,Rajshahi,76,50,পাবনা,PABNA
67f504868a956129955bf84f,52214,,0,ঈশ্বরদী,ISHWARDI,39,1,50,5,রাজশাহী,Rajshahi,76,50,পাবনা,PABNA
67f504868a956129955bf850,52213,,0,পাবনা সদর,PABNA SADAR,55,1,50,5,রাজশাহী,Rajshahi,76,50,পাবনা,PABNA
67f504868a956129955bf851,52212,,0,সাঁথিয়া,SANTHIA,72,1,50,5,রাজশাহী,Rajshahi,76,50,পাবনা,PABNA
67f504868a956129955bf852,52211,,0,সুজানগর,SUJANAGAR,83,1,50,5,রাজশাহী,Rajshahi,76,50,পাবনা,PABNA
67f504868a956129955bf853,52210,,0,আটোয়ারী,ATWARI,04,1,55,6,রংপুর,Rangpur,77,58,পঞ্চগড়,PANCHAGARH
67f504868a956129955bf854,52209,,0,বোদা,BODA,25,1,55,6,রংপুর,Rangpur,77,58,পঞ্চগড়,PANCHAGARH
67f504868a956129955bf855,52208,,0,দেবীগঞ্জ,DEBIGANJ,34,1,55,6,রংপুর,Rangpur,77,58,পঞ্চগড়,PANCHAGARH
67f504868a956129955bf856,52207,,0,পঞ্চগড় সদর,PANCHAGARH SADAR,73,1,55,6,রংপুর,Rangpur,77,58,পঞ্চগড়,PANCHAGARH
67f504868a956129955bf857,52206,,0,তেঁতুলিয়া,TENTULIA,90,1,55,6,রংপুর,Rangpur,77,58,পঞ্চগড়,PANCHAGARH
67f504868a956129955bf858,52205,,0,বাউফল,BAUPHAL,38,1,10,1,বরিশাল,Barisal,78,5,পটুয়াখালী,PATUAKHALI
67f504868a956129955bf859,52204,,0,দশ্‌মিনা,DASHMINA,52,1,10,1,বরিশাল,Barisal,78,5,পটুয়াখালী,PATUAKHALI
67f504868a956129955bf85a,52203,,0,দুম্‌কী,DUMKI UPAZILA,55,1,10,1,বরিশাল,Barisal,78,5,পটুয়াখালী,PATUAKHALI
67f504868a956129955bf85b,52202,,0,গলাচিপা,GALACHIPA,57,1,10,1,বরিশাল,Barisal,78,5,পটুয়াখালী,PATUAKHALI
67f504868a956129955bf85c,52201,,0,কলাপাড়া,KALA PARA,66,1,10,1,বরিশাল,Barisal,78,5,পটুয়াখালী,PATUAKHALI
67f504868a956129955bf85d,52200,,0,মির্জাগঞ্জ,MIRZAGANJ UPAZILA,76,1,10,1,বরিশাল,Barisal,78,5,পটুয়াখালী,PATUAKHALI
67f504868a956129955bf85e,52199,,0,পটুয়াথালী সদর,PATUAKHALI SADAR,95,1,10,1,বরিশাল,Barisal,78,5,পটুয়াখালী,PATUAKHALI
67f504868a956129955bf85f,52198,,0,ভান্ডারিয়া,BHANDARIA,14,1,10,1,বরিশাল,Barisal,79,6,পিরোজপুর,PIROJPUR
67f504868a956129955bf860,52197,,0,কাউখালী,KAWKHALI,47,1,10,1,বরিশাল,Barisal,79,6,পিরোজপুর,PIROJPUR
67f504868a956129955bf861,52196,,0,মঠবাড়িয়া,MATHBARIA,58,1,10,1,বরিশাল,Barisal,79,6,পিরোজপুর,PIROJPUR
67f504868a956129955bf862,52195,,0,নাজিরপুর,NAZIRPUR UPAZILA,76,1,10,1,বরিশাল,Barisal,79,6,পিরোজপুর,PIROJPUR
67f504868a956129955bf863,52194,,0,পিরোজপুর সদর,PIROJPUR SADAR,80,1,10,1,বরিশাল,Barisal,79,6,পিরোজপুর,PIROJPUR
67f504868a956129955bf864,52193,,0,নেছারাবাদ,NESARABAD (SWARUPKATI),87,1,10,1,বরিশাল,Barisal,79,6,পিরোজপুর,PIROJPUR
67f504868a956129955bf865,52192,,0,ইন্দুরকানী,Indurkani,90,1,10,1,বরিশাল,Barisal,79,6,পিরোজপুর,PIROJPUR
67f504868a956129955bf866,52191,,0,বাঘা,BAGHA,10,1,50,5,রাজশাহী,Rajshahi,81,51,রাজশাহী,RAJSHAHI
67f504868a956129955bf867,52190,,0,বাগমারা,BAGHMARA,12,1,50,5,রাজশাহী,Rajshahi,81,51,রাজশাহী,RAJSHAHI
67f504868a956129955bf868,52189,,0,চারঘাট,CHARGHAT,25,1,50,5,রাজশাহী,Rajshahi,81,51,রাজশাহী,RAJSHAHI
67f504868a956129955bf869,52188,,0,দুর্গাপুর,DURGAPUR,31,1,50,5,রাজশাহী,Rajshahi,81,51,রাজশাহী,RAJSHAHI
67f504868a956129955bf86a,52187,,0,গোদাগাড়ী,GODAGARI,34,1,50,5,রাজশাহী,Rajshahi,81,51,রাজশাহী,RAJSHAHI
67f504868a956129955bf86b,52186,,0,মোহনপুর,MOHANPUR,53,1,50,5,রাজশাহী,Rajshahi,81,51,রাজশাহী,RAJSHAHI
67f504868a956129955bf86c,52185,,0,পবা,PABA,72,1,50,5,রাজশাহী,Rajshahi,81,51,রাজশাহী,RAJSHAHI
67f504868a956129955bf86d,52184,,0,পুঠিয়া,PUTHIA,82,1,50,5,রাজশাহী,Rajshahi,81,51,রাজশাহী,RAJSHAHI
67f504868a956129955bf86e,52183,,0,তানোর,TANORE,94,1,50,5,রাজশাহী,Rajshahi,81,51,রাজশাহী,RAJSHAHI
67f504868a956129955bf86f,52182,,0,বালিয়াকান্দি,BALIAKANDI,07,1,30,3,ঢাকা,Dhaka,82,31,রাজবাড়ী,RAJBARI
67f504868a956129955bf870,52181,,0,গোয়ালন্দ,GOALANDA,29,1,30,3,ঢাকা,Dhaka,82,31,রাজবাড়ী,RAJBARI
67f504868a956129955bf871,52180,,0,পাংশা,PANGSHA,73,1,30,3,ঢাকা,Dhaka,82,31,রাজবাড়ী,RAJBARI
67f504868a956129955bf872,52179,,0,রাজবাড়ী সদর,RAJBARI SADAR,76,1,30,3,ঢাকা,Dhaka,82,31,রাজবাড়ী,RAJBARI
67f504868a956129955bf873,52178,,0,বাঘাইছড়ি,BAGHAICHHARI,07,1,20,2,চট্টগ্রাম,Chittagong,84,17,রাঙ্গামাটি,RANGAMATI
67f504868a956129955bf874,52177,,0,বরকল,BARKAL UPAZILA,21,1,20,2,চট্টগ্রাম,Chittagong,84,17,রাঙ্গামাটি,RANGAMATI
67f504868a956129955bf875,52176,,0,কাউখালী,KAWKHALI (BETBUNIA),25,1,20,2,চট্টগ্রাম,Chittagong,84,17,রাঙ্গামাটি,RANGAMATI
67f504868a956129955bf876,52175,,0,বিলাইছড়ি,BELAI CHHARI UPAZI,29,1,20,2,চট্টগ্রাম,Chittagong,84,17,রাঙ্গামাটি,RANGAMATI
67f504868a956129955bf877,52174,,0,কাপ্তাই,KAPTAI UPAZILA,36,1,20,2,চট্টগ্রাম,Chittagong,84,17,রাঙ্গামাটি,RANGAMATI
67f504868a956129955bf878,52173,,0,জুরাছড়ি,JURAI CHHARI UPAZIL,47,1,20,2,চট্টগ্রাম,Chittagong,84,17,রাঙ্গামাটি,RANGAMATI
67f504868a956129955bf879,52172,,0,লংগদু,LANGADU UPAZILA,58,1,20,2,চট্টগ্রাম,Chittagong,84,17,রাঙ্গামাটি,RANGAMATI
67f504868a956129955bf87a,52171,,0,নানিয়ারচর,NANIARCHAR UPAZILA,75,1,20,2,চট্টগ্রাম,Chittagong,84,17,রাঙ্গামাটি,RANGAMATI
67f504868a956129955bf87b,52170,,0,রাজস্থলী,RAJASTHALI UPAZILA,78,1,20,2,চট্টগ্রাম,Chittagong,84,17,রাঙ্গামাটি,RANGAMATI
67f504868a956129955bf87c,52169,,0,রাঙ্গামাটি সদর,RANGAMATI SADAR,87,1,20,2,চট্টগ্রাম,Chittagong,84,17,রাঙ্গামাটি,RANGAMATI
67f504868a956129955bf87d,52168,,0,বদরগঞ্জ,BADARGANJ,03,1,55,6,রংপুর,Rangpur,85,59,রংপুর,RANGPUR
67f504868a956129955bf87e,52167,,0,গংগাচড়া,GANGACHARA,27,1,55,6,রংপুর,Rangpur,85,59,রংপুর,RANGPUR
67f504868a956129955bf87f,52166,,0,কাউনিয়া,KAUNIA,42,1,55,6,রংপুর,Rangpur,85,59,রংপুর,RANGPUR
67f504868a956129955bf880,52165,,0,রংপুর সদর,RANGPUR SADAR,49,1,55,6,রংপুর,Rangpur,85,59,রংপুর,RANGPUR
67f504868a956129955bf881,52164,,0,মিঠাপুকুর,MITHA PUKUR,58,1,55,6,রংপুর,Rangpur,85,59,রংপুর,RANGPUR
67f504868a956129955bf882,52163,,0,পীরগাছা,PIRGACHHA,73,1,55,6,রংপুর,Rangpur,85,59,রংপুর,RANGPUR
67f504868a956129955bf883,52162,,0,পীরগঞ্জ,PIRGANJ,76,1,55,6,রংপুর,Rangpur,85,59,রংপুর,RANGPUR
67f504868a956129955bf884,52161,,0,তারাগঞ্জ,TARAGANJ,92,1,55,6,রংপুর,Rangpur,85,59,রংপুর,RANGPUR
67f504868a956129955bf885,52160,,0,ভেদরগঞ্জ,BHEDARGANJ,14,1,30,3,ঢাকা,Dhaka,86,32,শরীয়তপুর,SHARIATPUR
67f504868a956129955bf886,52159,,0,ডামুড্যা,DAMUDYA,25,1,30,3,ঢাকা,Dhaka,86,32,শরীয়তপুর,SHARIATPUR
67f504868a956129955bf887,52158,,0,গোসাইরহাট,GOSAIRHAT,36,1,30,3,ঢাকা,Dhaka,86,32,শরীয়তপুর,SHARIATPUR
67f504868a956129955bf888,52157,,0,নড়িয়া,NARIA,65,1,30,3,ঢাকা,Dhaka,86,32,শরীয়তপুর,SHARIATPUR
67f504868a956129955bf889,52156,,0,শরিয়তপুর সদর,SHARIATPUR SADAR,69,1,30,3,ঢাকা,Dhaka,86,32,শরীয়তপুর,SHARIATPUR
67f504868a956129955bf88a,52155,,0,জাজিরা,ZANJIRA,94,1,30,3,ঢাকা,Dhaka,86,32,শরীয়তপুর,SHARIATPUR
67f504868a956129955bf88b,52154,,0,আশাশুনি,ASSASUNI,04,1,40,4,খুলনা,Khulna,87,44,সাতক্ষীরা,SATKHIRA
67f504868a956129955bf88c,52153,,0,দেবহাটা,DEBHATA,25,1,40,4,খুলনা,Khulna,87,44,সাতক্ষীরা,SATKHIRA
67f504868a956129955bf88d,52152,,0,কলারোয়া,KALAROA,43,1,40,4,খুলনা,Khulna,87,44,সাতক্ষীরা,SATKHIRA
67f504868a956129955bf88e,52151,,0,কালীগঞ্জ,KALIGANJ,47,1,40,4,খুলনা,Khulna,87,44,সাতক্ষীরা,SATKHIRA
67f504868a956129955bf88f,52150,,0,সাতক্ষীরা সদর,SATKHIRA SADAR,82,1,40,4,খুলনা,Khulna,87,44,সাতক্ষীরা,SATKHIRA
67f504868a956129955bf890,52149,,0,শ্যামনগর,SHYAMNAGAR,86,1,40,4,খুলনা,Khulna,87,44,সাতক্ষীরা,SATKHIRA
67f504868a956129955bf891,52148,,0,তালা,TALA,90,1,40,4,খুলনা,Khulna,87,44,সাতক্ষীরা,SATKHIRA
67f504868a956129955bf892,52147,,0,বেলকুচি,BELKUCHI,11,1,50,5,রাজশাহী,Rajshahi,88,52,সিরাজগঞ্জ,SIRAJGANJ
67f504868a956129955bf893,52146,,0,চৌহালী,CHAUHALI,27,1,50,5,রাজশাহী,Rajshahi,88,52,সিরাজগঞ্জ,SIRAJGANJ
67f504868a956129955bf894,52145,,0,কামারখন্দ,KAMARKHANDA,44,1,50,5,রাজশাহী,Rajshahi,88,52,সিরাজগঞ্জ,SIRAJGANJ
67f504868a956129955bf895,52144,,0,কাজীপুর,KAZIPUR,50,1,50,5,রাজশাহী,Rajshahi,88,52,সিরাজগঞ্জ,SIRAJGANJ
67f504868a956129955bf896,52143,,0,রায়গঞ্জ,ROYGANJ,61,1,50,5,রাজশাহী,Rajshahi,88,52,সিরাজগঞ্জ,SIRAJGANJ
67f504868a956129955bf897,52142,,0,শাহজাদপুর,SHAHJADPUR,67,1,50,5,রাজশাহী,Rajshahi,88,52,সিরাজগঞ্জ,SIRAJGANJ
67f504868a956129955bf898,52141,,0,সিরাজগঞ্জ সদর,SIRAJGANJ SADAR,78,1,50,5,রাজশাহী,Rajshahi,88,52,সিরাজগঞ্জ,SIRAJGANJ
67f504868a956129955bf899,52140,,0,তাড়াশ,TARASH,89,1,50,5,রাজশাহী,Rajshahi,88,52,সিরাজগঞ্জ,SIRAJGANJ
67f504868a956129955bf89a,52139,,0,উল্লাপাড়া,ULLAH PARA,94,1,50,5,রাজশাহী,Rajshahi,88,52,সিরাজগঞ্জ,SIRAJGANJ
67f504868a956129955bf89b,52138,,0,ঝিনাইগাতি,JHENAIGATI,37,1,45,8,ময়মনসিংহ,Mymensingh,89,33,শেরপুর,SHERPUR
67f504868a956129955bf89c,52137,,0,নকলা,NAKLA,67,1,45,8,ময়মনসিংহ,Mymensingh,89,33,শেরপুর,SHERPUR
67f504868a956129955bf89d,52136,,0,নালিতাবাড়ী,NALITABARI,70,1,45,8,ময়মনসিংহ,Mymensingh,89,33,শেরপুর,SHERPUR
67f504868a956129955bf89e,52135,,0,শেরপুর সদর,SHERPUR SADAR,88,1,45,8,ময়মনসিংহ,Mymensingh,89,33,শেরপুর,SHERPUR
67f504868a956129955bf89f,52134,,0,শ্রীবরদী,SREEBARDI,90,1,45,8,ময়মনসিংহ,Mymensingh,89,33,শেরপুর,SHERPUR
67f504868a956129955bf8a0,52133,,0,বিশ্বম্ভরপুর,BISHWAMBARPUR,18,1,60,7,সিলেট,Sylhet,90,63,সুনামগঞ্জ,SUNAMGANJ
67f504868a956129955bf8a1,52132,,0,ছাতক,CHHATAK,23,1,60,7,সিলেট,Sylhet,90,63,সুনামগঞ্জ,SUNAMGANJ
67f504868a956129955bf8a2,52131,,0,শান্তিগঞ্জ,SHANTIGANJ,27,1,60,7,সিলেট,Sylhet,90,63,সুনামগঞ্জ,SUNAMGANJ
67f504868a956129955bf8a3,52130,,0,দিরাই,DERAI,29,1,60,7,সিলেট,Sylhet,90,63,সুনামগঞ্জ,SUNAMGANJ
67f504868a956129955bf8a4,52129,,0,ধর্মপাশা,DHARAMPASHA,32,1,60,7,সিলেট,Sylhet,90,63,সুনামগঞ্জ,SUNAMGANJ
67f504868a956129955bf8a5,52128,,0,দোয়ারাবাজার,DOWARABAZAR,33,1,60,7,সিলেট,Sylhet,90,63,সুনামগঞ্জ,SUNAMGANJ
67f504868a956129955bf8a6,52127,,0,জগন্নাথপুর,JAGANNATHPUR,47,1,60,7,সিলেট,Sylhet,90,63,সুনামগঞ্জ,SUNAMGANJ
67f504868a956129955bf8a7,52126,,0,জামালগঞ্জ,JAMALGANJ,50,1,60,7,সিলেট,Sylhet,90,63,সুনামগঞ্জ,SUNAMGANJ
67f504868a956129955bf8a8,52125,,0,শাল্লা,SULLA,86,1,60,7,সিলেট,Sylhet,90,63,সুনামগঞ্জ,SUNAMGANJ
67f504868a956129955bf8a9,52124,,0,সুনামগঞ্জ সদর,SUNAMGANJ SADAR,89,1,60,7,সিলেট,Sylhet,90,63,সুনামগঞ্জ,SUNAMGANJ
67f504868a956129955bf8aa,52123,,0,তাহিরপুর,TAHIRPUR,92,1,60,7,সিলেট,Sylhet,90,63,সুনামগঞ্জ,SUNAMGANJ
67f504868a956129955bf8ab,52122,,0,বালাগঞ্জ,BALAGANJ,08,1,60,7,সিলেট,Sylhet,91,64,সিলেট,SYLHET
67f504868a956129955bf8ac,52121,,0,বিয়ানীবাজার,BEANI BAZAR,17,1,60,7,সিলেট,Sylhet,91,64,সিলেট,SYLHET
67f504868a956129955bf8ad,52120,,0,বিশ্বনাথ,BISHWANATH,20,1,60,7,সিলেট,Sylhet,91,64,সিলেট,SYLHET
67f504868a956129955bf8ae,52119,,0,কোম্পানীগঞ্জ,COMPANIGANJ,27,1,60,7,সিলেট,Sylhet,91,64,সিলেট,SYLHET
67f504868a956129955bf8af,52118,,0,দক্ষিণ সুরমা,DAKSHIN SURMA,31,1,60,7,সিলেট,Sylhet,91,64,সিলেট,SYLHET
67f504868a956129955bf8b0,52117,,0,ফেঞ্চুগঞ্জ,FENCHUGANJ,35,1,60,7,সিলেট,Sylhet,91,64,সিলেট,SYLHET
67f504868a956129955bf8b1,52116,,0,গোলাপগঞ্জ,GOLAPGANJ,38,1,60,7,সিলেট,Sylhet,91,64,সিলেট,SYLHET
67f504868a956129955bf8b2,52115,,0,গোয়াইনঘাট,GOWAINGHAT,41,1,60,7,সিলেট,Sylhet,91,64,সিলেট,SYLHET
67f504868a956129955bf8b3,52114,,0,জৈন্তাপুর,JAINTIAPUR,53,1,60,7,সিলেট,Sylhet,91,64,সিলেট,SYLHET
67f504868a956129955bf8b4,52113,,0,কানাইঘাট,KANAIGHAT,59,1,60,7,সিলেট,Sylhet,91,64,সিলেট,SYLHET
67f504868a956129955bf8b5,52112,,0,সিলেট সদর,SYLHET SADAR,62,1,60,7,সিলেট,Sylhet,91,64,সিলেট,SYLHET
67f504868a956129955bf8b6,52111,,0,জকিগঞ্জ,ZAKIGANJ,94,1,60,7,সিলেট,Sylhet,91,64,সিলেট,SYLHET
67f504868a956129955bf8b7,52110,,0,বাসাইল,BASAIL,09,1,30,3,ঢাকা,Dhaka,93,34,টাঙ্গাইল,TANGAIL
67f504868a956129955bf8b8,52109,,0,ভূঞাপুর,BHUAPUR,19,1,30,3,ঢাকা,Dhaka,93,34,টাঙ্গাইল,TANGAIL
67f504868a956129955bf8b9,52108,,0,দেলদোয়ার,DELDUAR,23,1,30,3,ঢাকা,Dhaka,93,34,টাঙ্গাইল,TANGAIL
67f504868a956129955bf8ba,52107,,0,ধনবাড়ী,DHANBARI,25,1,30,3,ঢাকা,Dhaka,93,34,টাঙ্গাইল,TANGAIL
67f504868a956129955bf8bb,52106,,0,ঘাটাইল,GHATAIL,28,1,30,3,ঢাকা,Dhaka,93,34,টাঙ্গাইল,TANGAIL
67f504868a956129955bf8bc,52105,,0,গোপালপুর,GOPALPUR,38,1,30,3,ঢাকা,Dhaka,93,34,টাঙ্গাইল,TANGAIL
67f504868a956129955bf8bd,52104,,0,কালিহাতী,KALIHATI,47,1,30,3,ঢাকা,Dhaka,93,34,টাঙ্গাইল,TANGAIL
67f504868a956129955bf8be,52103,,0,মধুপুর,MADHUPUR,57,1,30,3,ঢাকা,Dhaka,93,34,টাঙ্গাইল,TANGAIL
67f504868a956129955bf8bf,52102,,0,মির্জাপুর,MIRZAPUR,66,1,30,3,ঢাকা,Dhaka,93,34,টাঙ্গাইল,TANGAIL
67f504868a956129955bf8c0,52101,,0,নাগরপুর,NAGARPUR,76,1,30,3,ঢাকা,Dhaka,93,34,টাঙ্গাইল,TANGAIL
67f504868a956129955bf8c1,52100,,0,সখীপুর,SAKHIPUR,85,1,30,3,ঢাকা,Dhaka,93,34,টাঙ্গাইল,TANGAIL
67f504868a956129955bf8c2,52099,,0,টাঙ্গাইল সদর,TANGAIL SADAR,95,1,30,3,ঢাকা,Dhaka,93,34,টাঙ্গাইল,TANGAIL
67f504868a956129955bf8c3,52098,,0,বালিয়াডাংগী,BALIADANGI,08,1,55,6,রংপুর,Rangpur,94,60,ঠাকুরগাঁও,THAKURGAON
67f504868a956129955bf8c4,52097,,0,হরিপুর,HARIPUR,51,1,55,6,রংপুর,Rangpur,94,60,ঠাকুরগাঁও,THAKURGAON
67f504868a956129955bf8c5,52096,,0,পীরগঞ্জ,PIRGANJ,82,1,55,6,রংপুর,Rangpur,94,60,ঠাকুরগাঁও,THAKURGAON
67f504868a956129955bf8c6,52095,,0,রানীশংকৈল,RANISANKAIL,86,1,55,6,রংপুর,Rangpur,94,60,ঠাকুরগাঁও,THAKURGAON
67f504868a956129955bf8c7,52094,,0,ঠাকুরগাঁও সদর,THAKURGAON SADAR,94,1,55,6,রংপুর,Rangpur,94,60,ঠাকুরগাঁও,THAKURGAON
67f504868a956129955bf8c8,52093,,0,সালথা,SALTHA,90,1,30,3,ঢাকা,Dhaka,29,19,ফরিদপুর,FARIDPUR
67f504868a956129955bf8c9,52092,,0,নলডাঙ্গা,Noldanga,55,1,50,5,রাজশাহী,Rajshahi,69,48,নাটোর,NATORE
67f504868a956129955bf8ca,52091,,0,ওসমানী নগর,Osmani Nagar,60,1,60,7,সিলেট,Sylhet,91,64,সিলেট,SYLHET
67f504868a956129955bf8cb,52090,,0,তারাকান্দা,Tarakanda,88,1,45,8,ময়মনসিংহ,Mymensingh,61,27,ময়মনসিংহ,MYMENSINGH
67f504868a956129955bf8cc,52089,,0,কর্ণফুলী,KARNAFULI,39,1,20,2,চট্টগ্রাম,Chittagong,15,10,চট্টগ্রাম,CHITTAGONG
67f504868a956129955bf8cd,52088,,0,শায়েস্তাগঞ্জ,Shayestaganj,87,1,60,7,সিলেট,Sylhet,36,61,হবিগঞ্জ,HABIGANJ
67f504868a956129955bf8ce,52087,,0,তালতলী,TALTALI,90,1,10,1,বরিশাল,Barisal,04,1,বরগুনা,BARGUNA
67f504868a956129955bf8cf,52086,,0,গুইমারা,Guimara,47,1,20,2,চট্টগ্রাম,Chittagong,46,14,খাগড়াছড়ি,KHAGRACHHARI
67f504868a956129955bf8d0,52085,,0,লালমাই,Lalmai,73,1,20,2,চট্টগ্রাম,Chittagong,19,11,কুমিল্লা,COMILLA
67f504868a956129955bf8d1,52084,,0,ঈদগাঁও,Eidgaon,35,1,20,2,চট্টগ্রাম,Chittagong,22,12,কক্সবাজার,COX'S BAZAR
67f504868a956129955bf8d2,52083,,0,মধ্যনগর,Madhyanagar,63,1,60,7,সিলেট,Sylhet,90,63,সুনামগঞ্জ,SUNAMGANJ
67f504868a956129955bf8d3,52082,,0,খুলনা সদর,Khulna Sadar,51,1,40,4,খুলনা,Khulna,47,39,খুলনা,KHULNA
67f504868a956129955bf8d4,52081,,0,ডাসার,Dasar,18,1,30,3,ঢাকা,Dhaka,54,24,মাদারীপুর,MADARIPUR
